1avf	AVVKVPLKKFKSIRETMKEKGLLGEF	CCCHHHHHHHHHHHHHHHHCCCCHHC	26
1bh4	CGESCVWIPCISAALGCSCKNKVCYRNGIP	CCCCEEEHHHHHHHHCCCCCCCEEECCCCC	30
1bk8	LCNERPSQTWSGNCGNTAHCDKQCQDWEKASHGACHKRENHWKCFCYFNC	CCCCCCCCCEEECCCCHHHHHHHHHHHHHHCCCCCCCCCCCEEEEEEECC	50
1bnb	APLSCGRNGGVCIPIRCPVPMRQIGTCFGRPVKCCRSW	CCCCCCCCCCEEEEEECCCCHHHHHHHHCCCHHHHHCC	38
1cix	YSRCQLQGFNCVVRSYGLPTIPCCRGLTCRSYFPGSTYGRCQRY	CCCEEECCCEEEEEECCCCCCCCCCCCEEEEECCCCCCCCEECC	44
1cw5	VNYGNGVSCSKTKCSVNWGQAFQERYTAGINSFVSGVASGAGSIGRRP	CCCCCCCCCCCCEEECCHHHHHHHHHHHHHHHHHHHHHHCCCCCCCCC	48
1cz6	RSVCRQIKICRRRGGCYYKCTNRPY	CCHHHHHHHHHHCCCEEEEECCCCC	25
1dfn	DCYCRIPACIAGERRYGTCIYQGRLWAFCC	CCEEECCCEECCCCEEEEEEECCEEEEEEC	30
1dkc	AGCIKNGGRCNASAGPPYCCSSYCFQIAGQSYGVCKNR	CCCCCCCCEECCCCCCCEECCCCHHHCCCCCCCEECCC	38
1dum	GIGKYLHSAKKFGKAWVGEIMNS	CHHHHHHHHHHHHHHHHHHHHHC	23
1e4q	PVTCLKSGAICHPVFCPRRYKQIGTCGLPGTKCCKKP	CCEEECCCCEEEEEECHHHHHHCCCCCCCCCHHHCCC	37
1f8p	YPSKPDNPGEDAPAEDLARYYSALRHYINLITRQRY	CCCCCCCCCCCCCHHHHHHHHHHHHHHHHHHHCCCC	36
1fjn	GFGCPNNYQCHRHCKSIPGRCGGYCGGWHRLRCTCYRCG	CCCCCCCCHHHHHHHHCCCCCCCCCCCCEEEEEEEEECC	39
1fry	RGLRRLGRKIAHGVKKYGPTVLRIIRIAG	CCHHHHHHHHHHHHHHHCCHHHHHHHHCC	29
1fvn	YPSKPDNPGEDAPAEDLARYYSALRHYINLAARQRY	CCCCCCCCCCCCCHHHHHHHHHHHHHHHHHHHCCCC	36
1i2u	DKLIGSCVWGAVNYTSDCNGECKRRGYKGGHCGSFANVNCWCET	CCEEEEEEECCCCCCCCCCHHHHHCCCCCCCCCCCCCCEEEECC	44
1i2v	DKLIGSCVWGAVNYTSDCNGECLLRGYKGGHCGSFANVNCWCET	CCEEEEEEECCCCCCCCCCHHHHHHCCCCCCCCCCCCCEEEECC	44
1ica	ATCDLLSGTGINHSACAAHCLLRGNRGGYCNGKGVCVCRN	CCCCCCCCCCCCHHHHHHHHHHCCCCCCCCCCCCEEEECC	40
1icy	YPSKPDNPGEDAPAEDLARYYSALRHYINLAPRQRY	CCCCCCCCCCCCCHHHHHHHHHHHHHHHHHHHCCCC	36
1iyc	ELPKLPDDKVLIRSRSNCPKGKVWNGFDCKSPFAFS	CCCCCCCCEEEEEECCCCCCCCCCCCCCCCCCCCCC	36
1jkz	KTCEHLADTYRGVCFTNASCDDHCKNKAHLISGTCHNWKCFCTQNC	CCHHHHHHHHCCCEECCCCHHHHCCCHHHHHCCEECCEEEEEECCC	46
1jmn	KSCCPNTTGRNIYNTCRFGGGSRQVCASLSGCKIISASTCPSDYPK	CCCCCCHHHHHHHHHCCCCCCCHHHHHHHCCCEEECCCCCCCCCCC	46
1jmp	KSCCPNTTGRNIYNTCRLGGGSRERCASLSGCKIISASTCPSDYPK	CCCCCCHHHHHHHHHCCCCCCCHHHHHHHCCCEEECCCCCCCCCCC	46
1kj6	GIINTLQKYYCRVRGGRCAVLSCLPKEEQIGKCSTRGRKCCRRKK	CHHHHHHHHHHHHCCCEEEEEEECCCHHHHHHHHHHHHHHHHHCC	45
1kv4	AKIPIKAIKTVGKAVGKGLRAINIASTANDVFNFLKPKKRKA	CCCCHHHHHHHHHHHHCCCHHEEECCCHHHHHHHHCCHHCCC	42
1l4v	ATCDLLSGTGINHSACAAHCLLRGNRGGYCNGKAVCVCRN	CCCCCCCCCCCCHHHHHHHHHHCCCCCCCCCCCCEEEECC	40
1lfc	FKCRRWQWRMKKLGAPSITCVRRAF	CCCCHHHHHHHHHCCCHHHHHHHHH	25
1lu8	GCLEFWWKCNPNDDKCCRPKLKCSKLFKLCNFSF	CCCEEEEEECCCCCCCCCCCCCHHHHHHHHCCCC	34
1lv4	SSMKLSFRARAYGFRGPGPQL	CCEEEEEEEEEECCCCCCCCC	21
1lyp	GLRKRLRKFRNKIKEKLKKIGQKIQGLLPKLA	CHHHHHHHHHHHHHHHHHHHHHHHHHHHHHHC	32
1m4e	ICIFCCGCCHRSKCGMCCKT	CEEEEECCCCCCCCCCEECC	20
1mm0	ACNFQSCWATCQAQHSIYFRRAFCDRSQCKCVFVRG	CCCHHHHHHHHHHHHHHHHHHHHCCCCEEEEEEECC	36
1mmc	VGECVRGRCPSGMCCSQFGYCGKGPKYCGR	CCCCCCCCCCCCCCHHCCCCCCCCCHHHCC	30
1myn	DCLSGRYKGPCAVWDNETCRRVCKEEGRSSGHCSPSLKCWCEGC	CCCCCCCCCEEEEECCHHHHHHHHHCCCCCCCCCCCCEEEECCC	44
1ohm	KYYGNGVHCGKHSCTVDWGTAIGCIGNNAAANWATGGNAGWNKC	CCCCCCEEECCCCEEEEECEEEEEEECCHHHHHCCCCCCCCCCC	44
1orx	VCGETCVGGTCNTPGCTCSWPVCT	CCCCCEECCCCCCCCCEEECCEEC	24
1ozz	DKLIGSCVWGAVNYTSNCNAECKRRGYKGGHCGSFANVNCWCET	CCEEEEEEECCCCCCCCCCHHHHHCCCCCCCCCCCCCCEEEECC	44
1p00	DKLIGSCVWGAVNYTSNCRAECKRRGYKGGHCGSFANVNCWCET	CCEEEEEEECCCCCCCCCCHHHHHCCCCCCCCCCCCCCEEEECC	44
1p0a	DKLIGSCVWGAVNYTSNCNAECKRRGYKGGHCGSFLNVNCWCET	CCEEEEEEEEEEECCCCCCHHHHHCCCCCCCCCCEEEEEEEECC	44
1p0g	AKKVFKRLEKLFSKIQNDK	CHHHHHHHHHHHHHHHCCC	19
1p0l	AKKVFKRLEKLFSKIWNDK	CHHHHHHHHHHHHHHHCCC	19
1p0o	AKKVFKRLEKLFSKIWNWK	CHHHHHHHHHHHHHHHCCC	19
1p5k	AKKVFKRLEKSFSKIQNDK	CHHHHHHHHHHHHHHHCCC	19
1p5l	AKKVSKRLEKLFSKIQNDK	CCHHHHHHHHHHHHHHCCC	19
1pxq	NKGCATCSIGAACLVDGPIPDFEIAGATGLFGLWG	CCCCEECCCCCEEEECCCCCCCEECCCCEEECCCC	35
1q3j	CIKNGNGCQPNGSQGNCCSGYCHKQPGWVAGYCRRK	CCCCCCCCCCCCCCCCEECCCCCCCCCEEEEEEECC	36
1ron	YPSKPDNPGEDAPAEDMARYYSALRHYINLITRQRY	CCCCCCCCCCCCCHHHHHHHHHHHHHHHHHHHCCCC	36
1s6w	GCRFCCNCCPNMSGCGVCCRF	CCEEECCCCCCCCCCEEEEEC	21
1ti5	RTCMIKKEGWGKCLIDTTCAHSCKNRGYIGGNCKGMTRTCYCLVNC	CCCEECCCCCCEEEEECHHHHHHHCCCCCCCEECCCEEEEEEEEEC	46
1tyk	GCLEFWWKCNPNDDKCCRPKLKCSKLFKLCNFSF	CCCEEEEEECCCCCCCCCCCCCHHHHHHHHCCCC	34
1tz4	YPSKPDNPGEDAPAEDLAQYAADLRHYINLITRQRY	CCCCCCCCCCCCCHHHHHHHHHHHHHHHHHHHCCCC	36
1u0i	EIAALEKEIAALEKEIAALEK	CHHHHHHHHHHHHHHHHHHHH	21
1ut3	SFGLCRLRRGFCARGRCRFPSIPIGRCSRFVQCCRRVW	CCCHHHHHHHHHCCCCCCCCCCCHHHHHHHHHHHHHHC	38
1vb8	CAESCVWIPCTVTALLGCSCSNKVCYNGIP	CCCCEEEEECHHHHHHCCCCCCCEECCCCC	30
1w9n	ASIVKTTIKAAKKLCRGFTLTCGCHFTGKK	CCHHHHHHHHHHHHCCCCEEEEEEEECCCC	30
1x22	GKIPVKAIKKAGAAIGKGLRAINIASTAHDVYSFFKPKHKKK	CCCCHHHHHHHHHHHHCCCHHEEECCCHHHHHHHHCHHHHCC	42
1xv3	HSSGYTRPLRKPSRPIFIRPIGCDVCYGIPSSTARLCCFRYGDCCHL	CCCCCCCCCCCCCCCEEEEECCCCEEECCCCCCCEEEEEEECCEECC	47
1ytr	KSSAYSLQMGATAIKQVKKLFKKWGW	CCCCHHHHHHHHHHHHHHHHHHHHCC	26
1z64	GWGSFFKKAAHVGKHVGKAALTHYL	CHHHHHHHHHHHHHHHHHHHHHHHH	25
1zmm	VCSCRLVFCRRTELRVGNCLIGGVSFTYCCTRV	CCEEEEEEEEECCCEEEEEEECCEEEEEEEEEC	33
1znt	VGECVRGRCPSGMCCSQFGFCGKGPKYCGR	CCCCCCCCCCCCCCHHCCCCCCCCCHHHCC	30
1zrx	RGFRKHFNKLVKKVKHTISETAHVAKDTAVIAGSGAAVVAAT	CCHHHHHHHHHHHHHHHHHHHHHHHHCCEEEECCCCEEEEEC	42
1zuv	VGECVRGRCPSGMCCSQWGYCGKGPKYCGR	CCCCCCCCCCCCCCHHCCCCCCCCCHHHCC	30
1zwu	VGECVRGRCPSGMCCSQAGYCGKGPKYCGR	CCCCCCCCCCCCEEHHCCCCCCCCCHHHCC	30
2a2b	ARSYGNGVYCNNKKCWVNRGEATQSIIGGMISGWASGLAGM	CCCCCCEEEECCCEEEEECCCCCCEEEEEEEECHHHHHCCC	41
2amn	RVKRVWPLVIRTVIAGYNLYRAIKKK	CCCHHHHHHHHHHHHHHHHHHHHHHH	26
2b5k	RRWCFRVCYRGRFCYRKCR	CCEEEEEEECCEEEEEECC	19
2b68	GFGCPGNQLKCNNHCKSISCRAGYCDAATLWLRCTCTDCNGKK	CCCCCCCEEEECCCCCEEEECCCCCCCEEEEEEEEEECCCCCC	43
2dcv	YVSCLFRGARCRVYSGRSCCFGYYCRRDFPGSIFGTCSRRNF	CEEEEEECCEEEEECCCCEEEEEEECCCCCCCEEEEEECCCC	42
2dcw	YITCLFRGARCRVYSGRSCCFGYYCRRDFPGSIFGTCSRRNF	CEEEEEECCEEEEECCCCEEEEEEECCCCCCCEEEEEECCCC	42
2dez	YPIKPEAPGEDASPEELNRYYASLRHYLNLVTRQRY	CCCCCCCCCCCCCHHHHHHHHHHHHHHHHHHHCCCC	36
2df0	IKPEAPGEDASPEELNRYYASLRHYLNLVTRQRY	CCCCCCCCCCCHHHHHHHHHHHHHHHHHHHCCCC	34
2e3g	ATCDLASKWNWNHTLCAAHCIARRYRGGYCNSKAVCVCRN	CCCCCCCCCCCCHHHHHHHHHHCCCCCCCCCCCCEEEECC	40
2eri	CGESCVFIPCISTLLGCSCKNKVCYRNGVIP	CCCCEEEHHHHHHHHCCCCCCCEEECCCCCC	31
2fcg	IGKEFKRIVQRIKDFLRNLVPRTES	CCHHHHHHHHHHHHHHHHHCCCCCC	25
2fqa	SAISCGETCFKFKCYTPRCSCSYPVCK	CCCCCCCEEEEEEECCCCCCCCCCEEC	27
2g9l	GILDTLKQFAKGVGKDLVKGAAQGVLSTVSCKLAKTC	CHHHHHHHHHHHHHHHHHHHHHHHHHHHHHHHHHCCC	37
2g9p	GLFGKLIKKFGRKAISYAVKKARGKH	CHHHHHHHHHHHHHHHHHHHHHHCCC	26
2gdl	LVQRGRFGRFLRKIRRFRPKVTITIQGSARF	CCCCCHHHHHHHHHHHCCCEEEEEEEECCCC	31
2gl1	KTCENLANTYRGPCFTTGSCDDHCKNKEHLRSGRCRDDFRCWCTRNC	CCHHHHHHHHCCCCCCCCCHHHHHCCHHHHHCCCCCCCEEEEEECCC	47
2hfr	KRFWPLVPVAINTVAAGINLYKAIRRK	CCCCCCHHHHHHHHHHHHHHHHHHHHH	27
2i2j	SGSLSTFFRLFNRSFTQALGK	CCHHHHHHHHHHHHHHHHHHC	21
2igr	KWKVFKKIEKKWKVFKKIEKAGPKWKVFKKIEK	CCHHHHHHHHHHHHHHHHHHCCCHHHHHHHHCC	33
2it8	GVCPKILKKCRRDSDCPGACICRGNGYCG	CCCHHHHHHHHCCCCCCCEEEECCCCCCC	29
2jpy	FLSLIPHAINAVSTLVHHF	CHHHHHHHHHHHHHHHHHH	19
2jq0	FLSLIPHAINAVSAIAKHN	CCHHHHHHHHHHHHHHHHC	19
2jq1	FLSLIPHAINAVSALANHG	CCHHHHHHHHHHHHHHHCC	19
2jr8	GKIPVKAIKQAGKVIGKGLRAINIAGTTHDVVSFFRPKKKKH	CCCCHHHHHHHHHHHHCCCHHEEECCCHHHHHHHHCCHHHCC	42
2jsb	RWCVYAYVRVRGVLVRYRRCW	CEEEEEEEEEEEEEEEEEEEE	21
2jwm	CGETCTLGTCYTQGCTCSWPICKRNGLPV	CCCEEEECEECCCCCEEECCCEECCCEEC	29
2k10	GILSSFKGVAKGVAKDLAGKLLETLKCKITGC	CHHHHHHHHHHHHHHHHHHHHHHHHHHHCCCC	32
2k1i	RRTCHCRSRCLRRESNSGSCNINGRIFSLCCR	CCCCHHHHHHHHHCCCCCCEEECCEEEEEEEC	32
2k38	GFGALFKFLAKKVAKTVAKQAAKQGAKYVVNKQME	CHHHHHHHHHHHHHHHHHHHHHHHHHHHHHHHCCC	35
2k7g	GVPICGETCTLGTCYTAGCSCSWPVCTRN	CCCCCCCEEECCCCCCCCCEEECCEEECC	29
2k98	GIGKFLKKAKKGIGAVLKVLTTGL	CHHHHHHHHHHHHHHHHHHHHHHC	24
2ket	GRFKRFRKKFKKLFKKLSPVIPLLHL	CCHHHHHHHHHHHHHHHHHHHHHHHH	26
2kj7	KCNTATCATQRLANFLVRSSNNLGPVLPPTNVGSNTY	CCCCHHHHHHHHHHHHHHCCCCCCCEECCCCCCCCCC	37
2kus	SGPNGQCGPGWGGCRGGLCCSQYGYCGSGPKYCAH	CCCCCCCCCCCCCCCCCCCCCCCCCCCCCCHHHCC	35
2kux	GTPCGESCVYIPCISGVIGCSCTDKVCYLN	CCCCCCCEEEEEECCCEECCEECCCEEECC	30
2l1q	MTPFWRGVSLRPIGASCRDDSECITRLCRKRRCSLSVAQE	CCCHHHHHCCCCCCHHHCCHHHHHHHHHHCCCCCCCCCCC	40
2l2r	GSGRGSCRSQCMRRHEDEPWRVQECVSQCRRRRGGGD	CCCHHHHHHHHHHHHCCCCHHHHHHHHHHHHHCCCCC	37
2l36	GIGKALKKAKKGIGAVLKVLTTGL	CHHHHHHHHHHHHHHHHHHHHHHC	24
2l3i	GIRCPKSWKCKAFKQRVLKRLLAMLRQHAF	CCCCCCCCHHHHHHHHHHHHHHHHHHHHCC	30
2l5r	GLKEIFKAGLGSLVKGIAAHVAS	CHHHHHHHHHHHHHHHHHHHHHC	23
2l96	KKLKLAPAKLALLWKALALKLKKA	CCCEECHHHHHHHHHHHHHHHHHC	24
2l99	KKLKLALAKPALLWKALALKLKKA	CCCEEEECCHHHHHHHHHHHHHHC	24
2l9a	KKLKLALAKLAPLWKALALKLKKA	CCHHHHHHHHHHHHHHHHHHHHHC	24
2la2	RWKIFKKIEKVGRNVRDGIIKAGPAVAVVGQAATVVK	CCCHHHHHHHHHHHHHHHHHHHCHHHHHHHHHHHHCC	37
2lam	GLPTCGETCTLGTCYVPDCSCSWPICMKN	CCCCCCCEEECCCCCCCCCEECCCEEECC	29
2lb7	AQRCGDQARGAKCPNCLCCGKYGFCGSGDAYCGAGSCQSQCRGC	CCCCCCCCCCCCCCCCCCCCCCCCCCCCHHHCCCCCCCCCCCCC	44
2lg4	AACSDRAHGHICESFKSFCKDSGRNGVKLRANCKKTCGLC	CCCCHHHHHHHHHHHHHHHHHCCCCCEEEEECCHHHHCCC	40
2lg5	LFCKGGSCHFGGCPSHLIKVGSCFGFRSCCKWPWNA	CCCCCCCCCCCCCHHHHHHHHHHCCCHHHHCCCCCC	36
2lg6	LFCKGGSCHFGGCPSHLIKVGSCFGFRSCCAWPWNA	CCCCCCCCCCCCCHHHHHHHHHCCCCCHHCCCCCCC	36
2lj7	KTCENLSDSFKGPCIPDGNCNKHCKEKEHLLSGRCRDDFRCWCTRNC	CCHHHHHHHHCCCCCCCCCHHHHHHHHHHHHCCCCCCCEEEEEECCC	47
2ljq	KYYGNGVHSTKSGSSVNWGEAFSAGVHRLANGGNGFW	CCCCCCEEECCCCCCCCHHHHHHHHHHHHCCCCCCCC	37
2ljt	KYYGNGVHLTKSGLSVNWGEAFSAGVHRLANGGNGFW	CCCCCCEEECCCCCEEEHHHHHHHHHHHHCCCCCCCC	37
2lld	ATCDLLSGTGVKHSACAAHCLLRGNRGGYCNGRAICVCRN	CCCCCCCCCCCCHHHHHHHHHHCCCCCCCCCCCCEEEECC	40
2lmf	LLGDFFRKSKEKIGKEFKRIVQR	CHHHHHHHHHHHHHHHHHHHHHH	23
2ln4	VTCDVLSFEAKGIAVNHSACALHCIALRKKGGSCQNGVCVCRN	CCEEEEEEECCCCCCCHHHHHHHHHHCCCCCCCCCCCEEEECC	43
2lnq	DAEFRHDSGYEVHHQKLVFFAENVGSNKGAIIGLMVGGVV	CCCCCCCCCCEEEEEEEEEEEHHCCCCCCEEEEEEECCCC	40
2lr3	RTCESQSHKFKGPCASDHNCASVCQTERFSGGRCRGFRRRCFCTTHC	CCCCCCCCCEEEEEECCCCHHHHHHHCCCCCCCEEEEEEEEEEECCC	47
2lr5	GFGCPFNENECHAHCLSIGRKFGFCAGPLRATCTCGKQ	CCCCCCCHHHHHHHHHHHHHHCCCCCCCHHHHEEECCC	38
2lr7	RKCNFLCKLKEKLRTVITSHIDKVLRPQG	CCCHHHHHHHHHHHHHHHHHHHHHHCCCC	29
2ls9	GWGSFFKKAAHVGKHVGKAALTHYL	CHHHHHHHHHHHHHHHHHHHHHHHH	25
2lsa	GIGKFLHSAKKFGKAFVGEIMNS	CHHHHHHHHHHHHHHHHHHHHHC	23
2lt8	GFGCPGDAYQCSEHCRALGGGRTGGYCAGPWYLGHPTCTCSF	CCCCCCCHHHHHHHHHHHCCCCCCCCCCCCCCCCCCEEEECC	42
2lxo	GIINTLQKYYCRVRGAICHPVFCPRRYKQIGTCGLPGTKCCKKP	CHHHHHHHHHHHHCCCEEEEEECCHHHHHHCCCCCCCCHHHCCC	44
2m6a	ADDRCERMCQRYHDRREKKQCMKGCRYG	CCHHHHHHHHHHHHHHHHHHHHHHHHCC	28
2m8v	ADRGWIKTLTKDCPNVISSICAGTIITACKNCA	CCHHHHHHHHHHHHHHHHHHHHHHHHHHHHCCC	33
2m9o	GLPVCGETCTLGTCYTQGCTCSWPICKRN	CCCCCCCEEECCCCCCCCCEEECCEEECC	29
2mag	GIGKFLHSAKKFGKAFVGEIMNS	CHHHHHHHHHHHHHHHHHHHHHC	23
2mbd	GLPRKILCAIAKKKGKCKGPLKLVCKC	CCCHHHHHHHHHCCCCCCCCEEEEEEC	27
2mdl	TCHIRRKPKFRKFKLYHEGKFWCP	CCCCCCCCCCEEEEEEECCCEECC	24
2mfs	CVLIGQRCDNDRGPRCCSGQGNCVPLPFLGGVCAV	CEEECCCCCCCCCCEEECCCCCEEECHHHCCEECC	35
2mhw	GIGGVLLSAGKAALKGLAKVLAEKYAN	CCCHHHHHHHHHHHHHHHHHHHHHHHC	27
2mij	GLGKAQCAALWLQCASGGTIGCGGGAVACQNYRQFCR	CCCHHHEEEEHEEECCCCCCCCCCCHHHHHHHHHHCC	37
2mmj	GLFGVLAKVAGHVVGAIAEHF	CHHHHHHHHHHHHHHHHHHHH	21
2mmm	GGLKKLGKKLEGAGKRVFKASEKALPVVVGIKAIGK	CHHHHHHHHHHHHHHHHHHHHHHCCCHHHHHHHHCC	36
2mmt	GGAGHVPEYFVRGDFPISFYG	CCCCCCCEEEECCCCEEEEEC	21
2mmw	GGAGHVPEYFVRGDTPISFYG	CCCCCCCEEEECCCCEEEEEC	21
2mn1	GLPVCGETCVGGTCNTPGCTCSWWPVCTRN	CCCCCCCCEECCCCCCCCCCCCCCCEECCC	30
2mvx	DAEFRHDSGYEVHHQKLVFFADVGSNKGAIIGLMVGGVV	CCCCCCCCCCEEEEEEEEEEEECCCCCCEEEEEEECCCC	39
2mwt	KRFKKFFKKVKKSVKKRLKKIFKKPMVIGVTIPF	CHHHHHHHHHHHHHHHHHHHHHHCCEEEEEECCC	34
2n1c	FEDLPNFGHIQVKVFNHGEHIHH	CCCCCCCCEEEEEEECCCCEEEC	23
2n1e	VKVKVKVKVPPTKVKVKVKV	CEEEEEEECCCCEEEEEEEE	20
2n30	FEDLPNFGHIQVKVFNHGEHIHH	CCCCCCCCEEEEEEECCCCEEEC	23
2n4k	KYYGNGVSCNKKGCSVDWGKAIGIIGNNAAANLTTGGKAGWKG	CCCCCCEEECCCCCEEEECEEEEEEECCHHHHHHCCCCCCCCC	43
2n92	SWLSKTAKKLENSAKKRISEGIAIAIQGGPR	CHHHHHHHHHHHHHHHHHHHCEEEEECCCCC	31
2na5	IKPEAPGEDASPEELNRYYASLRHYLNLVTRQRY	CCCCCCCCCCCHHHHHHHHHHHHHHHHHHHCCCC	34
2ncx	GLNALKKVFQGIHEAIKLINNHVQ	CHHHHHHHHHHHHHHHHHHHHHHC	24
2ncy	GLNALKKVFQPIHEAIKLINNHVQ	CHHHHHHHHHHHHHHHHHHHHHHC	24
2nlb	DHYACVSSGGQCLYSACPIFTKIQGTCYRGKAKCCK	CCEEEECCCCEEEEHHCCEEEEEEEEEEECCCCCCC	36
2nlc	DHYNCVSAGGQCLYSACPIFTKIQGTCYRGKAKCCK	CCCCEECCCCEEEEHHCCEEEEEEEEEEECCCCCCC	36
2nld	DHYNCVSSGGACLYSACPIFTKIQGTCYRGKAKCCK	CCCCCCCCCCEEEEECCCEEEEEEEEEEECCCCCCC	36
2nle	DHYNCVSSGGQCAYSACPIFTKIQGTCYRGKAKCCK	CCCCEECCCCEEEEECCCEEEEEEEEEEECCCCCCC	36
2nlf	DHYNCVSSGGQCEYSACPIFTKIQGTCYRGKAKCCK	CCCCEECCCCEEEECCCCEEEEEEEEEEECCCCCCC	36
2nlg	DHYNCVSSGGQCLYSACPIFTEIQGTCYRGKAKCCK	CCCCCCCCCCEEEEHHCCEEEEECCEEEECCCCCCC	36
2nlh	DHYNCVSSGGQCLYSACPIFTKIAGTCYRGKAKCCK	CCCCCCCCCCEEHHHHCHHHHHHCCCEECCCCCCCC	36
2nlp	DHYNCVSSGGQCLYSACPIFTKIEGTCYRGKAKCCK	CCCCEECCCCEEEEHHCCEEEEECCEEECCCCCCCC	36
2nlq	DHYNCVSSGGQCLYSACPIFTKIQGTCYRGAAKCCK	CCCCCCCCCCEEHHHHCCEEEEECCEEEECHHHHCC	36
2nls	DHYNCVSSGGQCLYSACPIFTKIQGTCYRGEAKCCK	CCCCEECCCCEEEEHHCCEEEEEEEEEEECCCCCCC	36
2ny8	ATCDLASGFGVGSSLCAAHCIARRYRGGYCNSKAVCVCRN	CCCCCCCCCCCCHHHHHHHHHHCCCCCCCCCCCCEEEECC	40
2nz3	ATCDLASIFNVNHALCAAHCIARRYRGGYCNSKAVCVCRN	CCCCCCCCCCCCHHHHHHHHHHCCCCCCCCCCCCEEEECC	40
2ojn	FFHHIFRPIVHVGKTIHRLVTG	CHHHHHHHHHHHHHHHHHHHHC	22
2ojo	FFHHIFRAIVHVAKTIHRLVTG	CHHHHHHHHHHHHHHHHHHHHC	22
2oon	YPAKPEAPGEDASAEELSRYYASLRHYLNLVTRQRY	CCCCCCCCCCCCCHHHHHHHHHHHHHHHHHHHCCCC	36
2oop	YPAKPEYPGEDASPEELSRYYASLRHYLNLVTRQRY	CCCCCCCCCCCCCHHHHHHHHHHHHHHHHHHHCCCC	36
2pco	SMWSGMWRRKLKKLRNALKKKLKGEK	CHHHHHHHHHHHHHHHHHHHHHCCCC	26
2plz	DHYNCVSSGGQCLYSACPIFTRIQGTCYRGRARCCR	CCCCCCCCCCEEEEHHCCEEEEEEEEEECCCCCCCC	36
2pm1	ACYCRIPACIAGEAAYGTCIYQGALWAFCC	CCEECCCHHCCCCCCEEEEEECCEEEEEEC	30
2pm4	DCYCRIPACIAGEKKYGTCIYQGKLWAFCC	CCEEECCCEECCCCCEEEEEECCEEEEEEC	30
2pm5	DCYCRIPACIAGEAAYGTCIYQGALWAFCC	CCEECCCHHCCCCCCEEEEEECCEEEEEEC	30
2po8	CPKILKKCRRDSDCPGACICRGNGYCGSGSDGGV	CCHHHHHHHCCCCCCCEEEECCCCCCCCCCCCCC	34
2pv6	ELDKWASLWNWFNITNWLWYIK	CCHHHHHHHHHHHHHHEEEEEE	22
2v9b	KSCCPNTTGRDIYNTCRLGGGSRERCASLSGCKIISASTCPSDYPK	CCCCCCHHHHHHHHEEEECCCCHHHHHHHCCCEEECCCCCCCCCCC	46
3c8p	KSCCPSTTGRNIYNTCRLTGSSRETCAKLSGCKIISASTCPSNYPK	CCCCCCHHHHHHCCEEEECCCCHHHHHHHCCCEEECCCCCCCCCCC	46
3e4h	CGETCTLGTCYTAGCSCSWPVCTRNGVPI	CCCEEECCCCCCCCCEEECCCEECCCEEC	29
3h6c	ACYCRIPACIAGERRYGTCIYAGRLWAFCC	CCEEECCCEECCCCCEEEEEEECEEEEEEC	30
3hj2	CGGACYCRIPACIAGERRYGTCIYQGRLWAFCC	CCCEEEECCCCEECCCCEEEEEEECCEEEEEEC	33
3lo1	ACYCRIPACIAGERRAGTCIYQGRLWAFCC	CCEEECCCEECCCCCCCEEEECCEEEEEEC	30
3lo2	ACYCRIPACIAGERRYGTCIAQGRLWAFCC	CCEEECCCCCCCCCCEEEEEECCEEEEEEC	30
3lo4	ACYCRIPACIAGERRYGTCIYQGALWAFCC	CCEECCCCEECCCCCEEEEEEECEEEEEEC	30
3loe	ACYCRIPACIAGERRYGTCIYQGRLWAACC	CCEEECCCEECCCCEEEEEEECCEEEEECC	30
3lvx	ACYCRAPACIAGERRYGTCIYQGRLWAFCC	CCCCCCCEECCCCCEEEEEEECCEEEEEEC	30
3ngg	KDRPKKPGLCPPRPQKPCVKECKNDDSCPGQQKCCNYGCKDECRDPIFVG	CCCCCCCCCCCCCCCCCCHHCCCCCCCCCCCCCCCCCCCCCCCCCCEECC	50
3psm	KTCENLADTFRGPCFTDGSCDDHCKNKEHLIKGRCRDDFRCWCTRNC	CCHHHHHHHHCCCCCCCCCHHHHCCCHHHHHCCCCCCCEEEEEECCC	47
4du0	ACYCRIPACIAGERRYATCIYQGRLWAFCC	CCEEECCCEECCCCEEEEEEECCEEEEEEC	30
4lb1	ACYCRIPACIAGERRAGTCIYQGRLWAACC	CCEEECCCCCCCCCCEEEEEECCEEEEEEC	30
4lb7	ACYCRIPACIAGERRAGTCAYQGRAWAACC	CCEECCCHHCCCCCCCEEEEECCEEEEECC	30
4lbb	ACYCRIPACIAGERRYGTCAYQGRLWAFCC	CCEEECCCEECCCCEEEEEEECCEEEEEEC	30
4lbf	ACYCRIPACIAGERRYGTCAYQGRAWAFCC	CCEEECCCCCCCCCCEEEEEECCEEEEEEC	30
4ozk	ACQCPDAISGWTHTDYQCHGLENKMYRHVYAICMNGTQVYCRTEWGSSC	CCCCCCCCCCCCCCCEEEECCCCHHHHHHEEEEECCCEEEEECCCCCCC	49
4ttn	GLPVCAETCVGGTCNTPGCTCSWPVCTRNG	CCCCCCCCEECCCCCCCCCEECCCEEECCC	30
4tto	GLPVCGETCVGGTCNTPGCTCSWPACTRNG	CCCCCCCCEECCCCCCCCCEECCCEEECCC	30
5cgo	GIGKFLHAAKKFGKAFVAEIMNS	CHHHHHHHHHHHHHHHHHHHHHC	23
5gwg	LRVRRTLQCSCRRVCRNTCSCIRLSRSTYAS	CCCHHHHHHHHHHHHHCCCCEEEECHHHCCC	31
5h2s	FIHHIIGGLFSAGKAIHRLIRRRRR	CHHHHHHHHHHHHHHHHHHHHHHHH	25
5j6t	IFGAIWPLALGALKNLIK	CCCHHHHHHHHHHHHHHH	18
5j6v	DIFGAIWPLALGALKNLIK	CHHHHHHHHHHHHHHHHHH	19
5j6w	KIFGAIWPLALGALKNLIK	CCHHHHHHHHHHHHHHHHH	19
5khb	MGIIAGIIKVIKSLIEQFTGK	CHHHHHHHHHHHHHHHHHHCC	21
5lcs	QPFIPRPIDTCRLRNGICFPGICRRPYYWIGTCNNGIGSCCARGWRS	CCCCCCCCHHHHHCCCEECCCCCCCCEEEEEECCCCHHHHHHHHCCC	47
5lm0	ADDRCYRMCQRYHDRREKKQCKEGCRYG	CCHHHHHHHHHHHHHHHHHHHHHHHHHC	28
5m9u	RWCVYAYRRVRGVLVRYRRCW	CCEEEEEHHHHHHEEEEEEEC	21
5nce	RMCKTPSGKFKGYCVNNTNCKNVCRTEGFPTGSCDFHVAGRKCYCYKPCP	CCCCCCCCCEEEEEECCCCHHHHHHHCCCCCCEECCCCCEEEEEEECCCC	50
5ujr	WGWKEVVQNGQTIFSAGQKLGNMVGKIVPLPFG	CCHHHHHHCCHHHHHHHHHHHHHHHHHCCCCCC	33
5ukz	KYYGNGVTCGKHSCSVDWGKATTCIINNGALAWATGGHQGNHKC	CCCCCCEECCCCCCEEECCCEEEEEEECCHHHHHCCCCCCCCCC	44
5v0y	GFCWYVCVYRNGVRVCYRRCN	CEEEEEEEEECCEEEEEEECC	21
5v11	GFCWYVCARRNGARVCYRRCN	CEEEEEEEECCCCEEEEEEEC	21
5wov	GGVCPKILQRCRRDSDCPGACICRGNGYCGSGSD	CCCCHHHHHHHHCCCCCCCEEEECCCCCCCCCCC	34
5wow	GGVCPKILQRCRRDSDCPGACICRGNGYCGYPYDVPDYA	CCCCHHHHHHHHCCCCCCCEEEECCCCCCCCCCCCCCCC	39
5x3l	GLGSVFGRLARILGRVIPKV	CHHHHHHHHHHHHHHHHHHC	20
5xa6	GFGCPFNQGKCHRHCRSIRRRGGYCDGFLKQRCVCYRK	CCCCCCCHHHHHHHHHHCCCCCHHHHHHHHEEEEEEEC	38
5xol	GSKKPVPIIYCNAATGKCQRM	CCCCCCEEEEECCCCCCEEEC	21
5y0h	GFAWNVCVYRNGVRVCHRRAN	CCEEEEEEEECCEEEEEEECC	21
5y0i	GFCWNVCVYRNGVRVCHRRCN	CCEEEEEEEECCHHHEEEECC	21
5y0j	AFCWNVCVYRNAVRVCHRRCN	CCEEEEEEHHHHHHHHHHHCC	21
5z1y	NLCASLRARHTIPQCRKFGRR	CHHHHHHHHHCCHHHHHHHHC	21
5zv6	AGECVRGRCPGGLCCSKFGFCGSGPAYCGG	CCCCCCCCCCCCEECCCCCCCCCCCHHHCC	30
6b55	ARECKTESNTFPGICITKPPCRKACISEKFTDGHCSKILRRCLCTKPC	CCCCCCCCCCCCCCCCCCCCHHHHHHHCCCCCCEEEEEEEEEEECCCC	48
6b9w	GSACQFWSCNSSCISRGYRQGYCWGIQYKYCQCQ	CCCCEEEECCHHHHCCCCCCCEEEEEEEEEEEEC	34
6bam	GSACQFWSCNSSCISRGYRQGKCWGIQYKYCQCQ	CCCCEEEEECHHHHHHHHHCCEEEEEEEEEEEEC	34
6bb6	GMACQFWSCNSSCISRGYRQGKCWGIQYKYCQCY	CCCEEEEECCHHHHHHHHHCCEEEEEEEEEEEEC	34
6bi5	GMACQFWSCNSSCISRGYRQGKCWGKYCQCY	CCCEEEEECCHHHHHHHHHCCCHHHHHEECC	31
6c41	VFQFLGKIIHHVGNFVHGFSHVF	CHHHHHHHHHHHHHHHHHHHHHH	23
6cl3	IWLTALKFLGKNLGKLAKQQLAKL	CHHHHHHHHHHHHHHHHHHHHHHH	24
6dhr	GLPICGETCLLGKCYTPGCSCRRPVCYKNG	CCCCCCCEEECCCCCCCCCEECCCEEECCC	30
6dmm	VCSCRLVFCRRTELRVGNCLIGAVSFTYCCTRV	CCEEEEEEEEECCCEECEEEEEEEEEEEEEEEC	33
6dmq	VCSCRLVFCRRTELRVGNCLIGGVSFAYCCTRV	CCEEEEEEEEECCCEEEEEEECCEEEEEEEEEC	33
6dmz	RTCQSQSHRFRGPCLRRSNCANVCRTEGFPGGRCRGFRRRCFCTTHC	CCCCCCCCCEEEEEECCCCHHHHHHHCCCCCCEEEEEEEEEEECCCC	47
6dst	GIGAVLKVLTTGLPALISWIKRKRQQ	CHHHHHHHHHHCHHHHHHHHHHHHHH	26
6duu	FLPIIINLKALAALAKKIL	CCCEEEEHHHHHHHHHHHH	19
6e3y	ACDTATCVTHRLAGLLSRSGGVVKNNFVPTNVGSKAF	CCCHHHHHHHHHHHHHHHCCCHHHCCCCCCCCCCCCC	37
6fs4	TKLTEEEKNRLNFLKKISQRYQKFALPQYLK	CCCCHHHHHHHHHHHHHHHHHHHCCHHHHCC	31
6hz2	GIGGKILSGLKTALKGAAKELASTYLH	CCHHHHHHHHHHHHHHHHHHHHHHHHH	27
6k50	GFGCNGPWNEDDLRCHNHCKSIKGYKGGYCAKGGFVCKCY	CCCCCCCCCHHHHHHHHHHHHCCCCCCCEECCCCEEEEEC	40
6k51	GFGCNGPWQEDDLKCHNHCKSIKGYKGGYCAKGGFVCKCY	CCCCCCCCCCCHHHHHHHHHHCCCCCCCEECCCCEEEEEC	40
6kra	RRTCRCRFGRCFRRESYSGSCNINGRIFSLCCR	CCEEEECCCEEEECCCCCEEEEECCEEEEEEEC	33
6lwy	ACQCPDAISGWTHTDYQCHGLEKKMYRHVYAICMNGSQVYCRTEWGSSC	CCCCCCCCCCCCCCCEEECCHHHHHHHHHHHEEECCCEEEEECCCCCCC	49
6mry	ARQCKAESNTFTGICIAKPPCRQACIREKFTDGHCSKVLRRCLCTKRC	CCCCCCCCCCCCCCCCCCCCHHHHHHHCCCCCCEEEEEEEEEEECCCC	48
6nom	KTCENLSGTFKGPCIPDGNCNKHCRNNEHLLSGRCRDDFRCWCTNRC	CCHHHHHHCCCCCCCCCCCHHHHHCCCHHEECCCCCCCEEEEEECCC	47
6o8j	AGKETIRQYLKNEIKKKGRKAVIAW	CCHHHHHHHHHHHHHHHCCEEEEEE	25
6o8p	AGKEKIRKKLKNEIKKKGRKAVIAW	CCHHHHHHHHHHHHHHHCHHEEEEE	25
6o8r	AWKEKIRKKLKNEIKKKGRKAVIAW	CHHHHHHHHHHHHHHHHCHHEEEEE	25
6o8s	AGKEKIRKKLKNEIKKKWRKAVIAW	CCHHHHHHHHHHHHHHHHHHHHHHH	25
6o8t	AWKEKIRKKLKNEIKKKWRKAVIAW	CHHHHHHHHHHHHHHHHHHHHHHHH	25
6r2x	FETLRGDERILSILRHQNLLKELQD	CCCCHHHHHHHHHHHHHHHHHHHHH	25
6rsf	GWGSFFRRAAHVGRHVGRAALTHYL	CHHHHHHHHHHHHHHHHHHHHHHHH	25
6rsg	GWGSFFKKAAHAGKHAGKAALTHYL	CHHHHHHHHHHHHHHHHHHHHHHHH	25
6ry9	GRRKRKWLRRIGKGVKIIGGAALDHL	CCHHHHHHHHHCCHHHHHHHHHHHHC	26
6ryq	WLRRIGKGVKIIGGAALDHL	CHHHHCCCCEEEECHHHHHC	20
6rz1	FLGALIKGAIHGGRFIHGMIQNHH	CHHHHHHHHHHHHHHHHHHHHCCC	24
6rzc	GWGSIFKHGRHAAKHIGHAAVNHYL	CHHHHHHHHHHHHHHHHHHHHHHHH	25
6s2d	GKGRWLERIGKAGFIIIGGALDHL	CCCHHHHHHCCCCEEEEEHHHHHC	24
6vpn	KTCENLADTYKGPCFTTGSCDDHCKNKEHLRSGRCRDDFRCWCTKNC	CCHHHHHHHHCCCCCCCCCHHHHHCCHHHHHCCCCCCCEEEEEECCC	47
6wpo	GIGDILKNLAKAAGKAALHAVGESL	CHHHHHHHHHHHHHHHHHHHHHHHH	25
7c2p	RTCESQSHKFKGPCLRASNCANVCKTEGFHGGKCRGFRRRCFCTKHC	CCCCCCCCCEEEECCCCHHHHHHHHHCCCCCCCEEEEEEEEEEECCC	47
7c31	RVCESQSHKFEGACMGDHNCALVCRNEGFSGGKCKGLRRRCFCTKLC	CCCCCCCCCEEEECCCCCCHHHHHHHCCCCCCEEEEEEEEEEEECCC	47
7k7x	GLPVCGETCVGGTCNTPGCVCSWPVCTRN	CCCCCCCCEECCCCCCCCCEEECCEEECC	29
7kpd	AIPCGESCVYIPCISVVIGCSCRNKVCYR	CCCCCCCEEEEEEEHEEECCCCCCCEEEC	29
7ns1	MITISTMLQFGLFLIALIGLVIKLIELSNKK	CHHHHHHHHHHHHHHHHHHHHHHHHHHHCCC	31
