1avf	26	AVVKVPLKKFKSIRETMKEKGLLGEF	CCCCCCCCCCCCHHHHHHHHCCCCCC
1bh4	30	CGESCVWIPCISAALGCSCKNKVCYRNGIP	CCEECCCCCCCCHHHCCEEECCEEEECCEC
1bk8	50	LCNERPSQTWSGNCGNTAHCDKQCQDWEKASHGACHKRENHWKCFCYFNC	CCEEEECCCCCCCCCCHHHHHHHHHHHHCCCEEEEEEECCEEEEEEEECC
1bnb	38	APLSCGRNGGVCIPIRCPVPMRQIGTCFGRPVKCCRSW	CHHHHHHHCCEEECCCCCCCCEEEEEECCCCEEEEECC
1cix	44	YSRCQLQGFNCVVRSYGLPTIPCCRGLTCRSYFPGSTYGRCQRY	CCCCECCCEEEECCCCCCCCCCECCCEEEEECCCCCCEEEEEEC
1cw5	48	VNYGNGVSCSKTKCSVNWGQAFQERYTAGINSFVSGVASGAGSIGRRP	CCCCCCCCCCCCCCCCCHHHHHHHHHHHHHHHHHHHHHHHHHCCCCCC
1cz6	25	RSVCRQIKICRRRGGCYYKCTNRPY	CCCCEEEEEECCCCCEEEEEECCCC
1dfn	30	DCYCRIPACIAGERRYGTCIYQGRLWAFCC	CCEEECCCCCCCCCEEEEEEECCEEEEEEC
1dkc	38	AGCIKNGGRCNASAGPPYCCSSYCFQIAGQSYGVCKNR	CCCECCCEEECCCCCCCCECCCCEECCCCCCCEEECCC
1dum	23	GIGKYLHSAKKFGKAWVGEIMNS	CHHHHHHHHHHHHHHHHHHHHHC
1e4q	37	PVTCLKSGAICHPVFCPRRYKQIGTCGLPGTKCCKKP	HHHHHHHCCEEEECCCCCCCEEEEECCCCCEEEEECC
1f8p	36	YPSKPDNPGEDAPAEDLARYYSALRHYINLITRQRY	CCCCCCCCCCCCCHHHHHHHHHHHHHHHHHHHCCCC
1fjn	39	GFGCPNNYQCHRHCKSIPGRCGGYCGGWHRLRCTCYRCG	CCCCCCHHHHHHHHHHCCCEEEEEEECCCCCEEEEEECC
1fry	29	RGLRRLGRKIAHGVKKYGPTVLRIIRIAG	CHHHHHHHHHHHHHHHHHHHHHHHHHHHC
1fvn	36	YPSKPDNPGEDAPAEDLARYYSALRHYINLAARQRY	CCCCCCCCCCCCCHHHHHHHHHHHHHHHHHHHHHCC
1i2u	44	DKLIGSCVWGAVNYTSDCNGECKRRGYKGGHCGSFANVNCWCET	CEEEEECCCCCCCECCCHHHHHHHHCCCEEEEECCCCCEEEEEC
1i2v	44	DKLIGSCVWGAVNYTSDCNGECLLRGYKGGHCGSFANVNCWCET	CEEEEECCCCCCCECCCHHHHHHHHCCCEEEEECCCCCEEEEEC
1ica	40	ATCDLLSGTGINHSACAAHCLLRGNRGGYCNGKGVCVCRN	CECCCCCCCCHHHHHHHHHHHHHCCCEEEEECCCEEEEEC
1icy	36	YPSKPDNPGEDAPAEDLARYYSALRHYINLAPRQRY	CCCCCCCCCCCCCHHHHHHHHHHHHHHHHHCCCCCC
1iyc	36	ELPKLPDDKVLIRSRSNCPKGKVWNGFDCKSPFAFS	CCCCCCCCHHHHHHCCCCCCCEEECCEEECCCCCCC
1jkz	46	KTCEHLADTYRGVCFTNASCDDHCKNKAHLISGTCHNWKCFCTQNC	CEEEEECCCCCCCCCCHHHHHHHHHHHCCCCEEEEECCEEEEEEEC
1jmn	46	KSCCPNTTGRNIYNTCRFGGGSRQVCASLSGCKIISASTCPSDYPK	CEECCCHHHHHHHHHHHHHCCCHHHHHHHHCCEECCCCCCCCCCCC
1jmp	46	KSCCPNTTGRNIYNTCRLGGGSRERCASLSGCKIISASTCPSDYPK	CEECCCHHHHHHHHHHHHHCCCHHHHHHHHCCEECCCCCCCCCCCC
1kj6	45	GIINTLQKYYCRVRGGRCAVLSCLPKEEQIGKCSTRGRKCCRRKK	CHHHHHHHHHHHHHCCEEECCCCCCCEEEEEECCCCCCEEEEECC
1kv4	42	AKIPIKAIKTVGKAVGKGLRAINIASTANDVFNFLKPKKRKA	CCCCHHHHHHHHHHHHHHHHHHHHHHHHHHHHHHHCCCCCCC
1l4v	40	ATCDLLSGTGINHSACAAHCLLRGNRGGYCNGKAVCVCRN	CCCCCCCCCCHHHHHHHHHHHHHCCCEEEEECCCEEEEEC
1lfc	25	FKCRRWQWRMKKLGAPSITCVRRAF	CHHHHHHHHHHHHCCCCCCCCCCCC
1lu8	34	GCLEFWWKCNPNDDKCCRPKLKCSKLFKLCNFSF	CCECCCEECCCCCCCECCCCEEEECCCCEEEECC
1lv4	21	SSMKLSFRARAYGFRGPGPQL	HHHHHHHHHHHHHHHCCCCCC
1lyp	32	GLRKRLRKFRNKIKEKLKKIGQKIQGLLPKLA	CHHHHHHHHHHHHHHHHHHHHHHHHHHHHHHC
1m4e	20	ICIFCCGCCHRSKCGMCCKT	CEEEEECCCCCCCEEEEECC
1mm0	36	ACNFQSCWATCQAQHSIYFRRAFCDRSQCKCVFVRG	CCCHHHHHHHHHHHHHHHEEEEEEECCEEEEEECCC
1mmc	30	VGECVRGRCPSGMCCSQFGYCGKGPKYCGR	CCECECCECCCCCEEECCCEEECCHHHHHC
1myn	44	DCLSGRYKGPCAVWDNETCRRVCKEEGRSSGHCSPSLKCWCEGC	CEECCCCCCCCCCCHHHHHHHHHHHHCCCEEEEECCCEEEEECC
1ohm	44	KYYGNGVHCGKHSCTVDWGTAIGCIGNNAAANWATGGNAGWNKC	CECCCCEEECCCCEEECHHHHHHHHHHHHHHHHHHCCCCCCCCC
1orx	24	VCGETCVGGTCNTPGCTCSWPVCT	CCCEECCCCCCCCCCCCEECCEEC
1ozz	44	DKLIGSCVWGAVNYTSNCNAECKRRGYKGGHCGSFANVNCWCET	CEEEEECCCCCCCECCCHHHHHHHHCCCEEEEECCCCCEEEEEC
1p00	44	DKLIGSCVWGAVNYTSNCRAECKRRGYKGGHCGSFANVNCWCET	CEEEEECCCCCCCECCCHHHHHHHHCCCEEEEECCCCCEEEEEC
1p0a	44	DKLIGSCVWGAVNYTSNCNAECKRRGYKGGHCGSFLNVNCWCET	CEEEEECCCCCCCECCCHHHHHHHHCCCEEEEECCCCCEEEEEC
1p0g	19	AKKVFKRLEKLFSKIQNDK	HHHHHHHHHHHHHHHHHHC
1p0l	19	AKKVFKRLEKLFSKIWNDK	HHHHHHHHHHHHHHHHHHC
1p0o	19	AKKVFKRLEKLFSKIWNWK	HHHHHHHHHHHHHHHHHHC
1p5k	19	AKKVFKRLEKSFSKIQNDK	HHHHHHHHHHHHHHHHHHC
1p5l	19	AKKVSKRLEKLFSKIQNDK	HHHHHHHHHHHHHHHHHHC
1pxq	35	NKGCATCSIGAACLVDGPIPDFEIAGATGLFGLWG	CHHHHHHHHHHHHHHCCCCCCHHHHHHHHHHHHHC
1q3j	36	CIKNGNGCQPNGSQGNCCSGYCHKQPGWVAGYCRRK	CECCCEEEECCCCCECECCCCEECCCCCCCEEECCC
1ron	36	YPSKPDNPGEDAPAEDMARYYSALRHYINLITRQRY	CCCCCCCCCCCCCHHHHHHHHHHHHHHHHHHHCCCC
1s6w	21	GCRFCCNCCPNMSGCGVCCRF	CCEEEECCCCCCCCEEEECCC
1ti5	46	RTCMIKKEGWGKCLIDTTCAHSCKNRGYIGGNCKGMTRTCYCLVNC	CEEEEECCCCCECCCHHHHHHHHHHHCCCEEEEECCCCEEEEEEEC
1tyk	34	GCLEFWWKCNPNDDKCCRPKLKCSKLFKLCNFSF	CCECCCEECCCCCCCECCCCEEEECCCCEEEECC
1tz4	36	YPSKPDNPGEDAPAEDLAQYAADLRHYINLITRQRY	CCCCCCCCCCCCCHHHHHHHHHHHHHHHHHHHCCCC
1u0i	21	EIAALEKEIAALEKEIAALEK	HHHHHHHHHHHHHHHHHHHHC
1ut3	38	SFGLCRLRRGFCARGRCRFPSIPIGRCSRFVQCCRRVW	CHHHHHHHCCEEEECCCCCCEEEEEEEECCEEEEEECC
1vb8	30	CAESCVWIPCTVTALLGCSCSNKVCYNGIP	CCEECCCCCCCCCHHHCEEEECCEEEECCC
1w9n	30	ASIVKTTIKAAKKLCRGFTLTCGCHFTGKK	CHHHHHHHHHHHHHHHHHHHHHHHHHHCCC
1x22	42	GKIPVKAIKKAGAAIGKGLRAINIASTAHDVYSFFKPKHKKK	CCCCHHHHHHHHHHHHHHHHHHHHHHHHHHHHHHHCCCCCCC
1xv3	47	HSSGYTRPLRKPSRPIFIRPIGCDVCYGIPSSTARLCCFRYGDCCHL	CCCCCCCCCCCCCCCCCCCCCCCCCCCCCCHHHHHHHHHHHCCCCCC
1ytr	26	KSSAYSLQMGATAIKQVKKLFKKWGW	CHHHHHHHHHHHHHHHHHHHHHHHCC
1z64	25	GWGSFFKKAAHVGKHVGKAALTHYL	CHHHHHHHHHHHHHHHHHHHHHHHC
1zmm	33	VCSCRLVFCRRTELRVGNCLIGGVSFTYCCTRV	CEEEEECCCCCCCEEEEEEEECCEEEEEEECCC
1znt	30	VGECVRGRCPSGMCCSQFGFCGKGPKYCGR	CCECECCECCCCCEEECCCEEECCHHHHHC
1zrx	42	RGFRKHFNKLVKKVKHTISETAHVAKDTAVIAGSGAAVVAAT	CHHHHHHHHHHHHHHHHHHHHHHHHHHHHHHHHHHHHHHHHC
1zuv	30	VGECVRGRCPSGMCCSQWGYCGKGPKYCGR	CCECECCECCCCCEEECCCEEECCHHHHHC
1zwu	30	VGECVRGRCPSGMCCSQAGYCGKGPKYCGR	CCECECCECCCCCEEECCCEEECCHHHHHC
2a2b	41	ARSYGNGVYCNNKKCWVNRGEATQSIIGGMISGWASGLAGM	CCEECCCEEEECCEEEECHHHHHHHHHHHHHHHHHHHHHHC
2amn	26	RVKRVWPLVIRTVIAGYNLYRAIKKK	CCCHHHHHHHHHHHHHHHHHHHHHHC
2b5k	19	RRWCFRVCYRGRFCYRKCR	CCCEEEEEECCCEEEEEEC
2b68	43	GFGCPGNQLKCNNHCKSISCRAGYCDAATLWLRCTCTDCNGKK	CCCCCCCHHHHHHHHHHHCEEEEEEEHHHCCCEEEEEEECCCC
2dcv	42	YVSCLFRGARCRVYSGRSCCFGYYCRRDFPGSIFGTCSRRNF	CCCCECCCEEEECCCCCCECCCEEEEECCCCCCEEEEEECCC
2dcw	42	YITCLFRGARCRVYSGRSCCFGYYCRRDFPGSIFGTCSRRNF	CCCCECCCEEEECCCCCCECCCEEEEECCCCCCEEEEEECCC
2dez	36	YPIKPEAPGEDASPEELNRYYASLRHYLNLVTRQRY	CCCCCCCCCCCCCHHHHHHHHHHHHHHHHHHHCCCC
2df0	34	IKPEAPGEDASPEELNRYYASLRHYLNLVTRQRY	CCCCCCCCCCCHHHHHHHHHHHHHHHHHHHCCCC
2e3g	40	ATCDLASKWNWNHTLCAAHCIARRYRGGYCNSKAVCVCRN	CCCCCCCCCCHHHHHHHHHHHHHCCCEEEEECCCEEEEEC
2eri	31	CGESCVFIPCISTLLGCSCKNKVCYRNGVIP	CCEECCCCCCCCHHHCEEEECCEEEECCCCC
2fcg	25	IGKEFKRIVQRIKDFLRNLVPRTES	HHHHHHHHHHHHHHHHHHHCCCCCC
2fqa	27	SAISCGETCFKFKCYTPRCSCSYPVCK	CCCCCCEECCCCCCCCCCCCEECCEEC
2g9l	37	GILDTLKQFAKGVGKDLVKGAAQGVLSTVSCKLAKTC	CHHHHHHHHHHHHHHHHHHHHHHHHHHHHHHHHHCCC
2g9p	26	GLFGKLIKKFGRKAISYAVKKARGKH	CHHHHHHHHHHHHHHHHHHHHHHHCC
2gdl	31	LVQRGRFGRFLRKIRRFRPKVTITIQGSARF	CCCHHHHHHHHHHHHHCCCHHHHHHHHHHCC
2gl1	47	KTCENLANTYRGPCFTTGSCDDHCKNKEHLRSGRCRDDFRCWCTRNC	CEEEEECCCCCCCCCCHHHHHHHHHHHHCCCEEEECCCCCEEEEEEC
2hfr	27	KRFWPLVPVAINTVAAGINLYKAIRRK	CCCCHHHHHHHHHHHHHHHHHHHHHHC
2i2j	21	SGSLSTFFRLFNRSFTQALGK	HHHHHHHHHHHHHHHHHHHHC
2igr	33	KWKVFKKIEKKWKVFKKIEKAGPKWKVFKKIEK	HHHHHHHHHHHHHHHHHHHHHCHHHHHHHHHHC
2it8	29	GVCPKILKKCRRDSDCPGACICRGNGYCG	CCCCCCCEECCCHHHCCCCCCEECCCEEC
2jpy	19	FLSLIPHAINAVSTLVHHF	CCHHHHHHHHHHHHHHHHC
2jq0	19	FLSLIPHAINAVSAIAKHN	CCHHHHHHHHHHHHHHHHC
2jq1	19	FLSLIPHAINAVSALANHG	CCHHHHHHHHHHHHHHHHC
2jr8	42	GKIPVKAIKQAGKVIGKGLRAINIAGTTHDVVSFFRPKKKKH	CCCCHHHHHHHHHHHHHHHHHHHHHHHHHHHHHHHCCCCCCC
2jsb	21	RWCVYAYVRVRGVLVRYRRCW	CCEEEEEEEECCEEEEEEEEC
2jwm	29	CGETCTLGTCYTQGCTCSWPICKRNGLPV	CCEECCCCCCCCCCCEEECCEEEECCECC
2k10	32	GILSSFKGVAKGVAKDLAGKLLETLKCKITGC	CHHHHHHHHHHHHHHHHHHHHHHHHHHHHHCC
2k1i	32	RRTCHCRSRCLRRESNSGSCNINGRIFSLCCR	CCCEEEECCCCCCCEEEEEEEECCEEEEEEEC
2k38	35	GFGALFKFLAKKVAKTVAKQAAKQGAKYVVNKQME	CHHHHHHHHHHHHHHHHHHHHHHHHHHHHHHHHHC
2k7g	29	GVPICGETCTLGTCYTAGCSCSWPVCTRN	CCCEEEEECCCCCCCCCCCEEECCEEECC
2k98	24	GIGKFLKKAKKGIGAVLKVLTTGL	CHHHHHHHHHHHHHHHHHHHHHCC
2ket	26	GRFKRFRKKFKKLFKKLSPVIPLLHL	CHHHHHHHHHHHHHHHHCCCCCCCCC
2kj7	37	KCNTATCATQRLANFLVRSSNNLGPVLPPTNVGSNTY	CCCHHHHHHHHHHHHHHHHHHHHCCCCCCCCCCCCCC
2kus	35	SGPNGQCGPGWGGCRGGLCCSQYGYCGSGPKYCAH	CCCCCECECCCECCCCCCEEECCCEEECCHHHCCC
2kux	30	GTPCGESCVYIPCISGVIGCSCTDKVCYLN	CEEEEEECCCCCCCCHHHCEEEECCEEEEC
2l1q	40	MTPFWRGVSLRPIGASCRDDSECITRLCRKRRCSLSVAQE	CCCCCCCCCCECCCEECCCHHHECCCCEECCEECCCCCCC
2l2r	37	GSGRGSCRSQCMRRHEDEPWRVQECVSQCRRRRGGGD	CCCHHHHHHHHHHHHCCCHHHHHHHHHHHHHHHHCCC
2l36	24	GIGKALKKAKKGIGAVLKVLTTGL	CHHHHHHHHHHHHHHHHHHHHHCC
2l3i	30	GIRCPKSWKCKAFKQRVLKRLLAMLRQHAF	CCCCCHHHHHHHHHHHHHHHHHHHHHHHHC
2l5r	23	GLKEIFKAGLGSLVKGIAAHVAS	CHHHHHHHHHHHHHHHHHHHHHC
2l96	24	KKLKLAPAKLALLWKALALKLKKA	CCCCCCHHHHHHHHHHHHHHHHHC
2l99	24	KKLKLALAKPALLWKALALKLKKA	CCHHHHHHHHHHHHHHHHHHHHHC
2l9a	24	KKLKLALAKLAPLWKALALKLKKA	CHHHHHHHHHHHHHHHHHHHHHHC
2la2	37	RWKIFKKIEKVGRNVRDGIIKAGPAVAVVGQAATVVK	HHHHHHHHHHHHHHHHHHHHHHHHHHHHHHHHHHHHC
2lam	29	GLPTCGETCTLGTCYVPDCSCSWPICMKN	CCCEEEEECCCCCCCCCCEEEECCEEEEC
2lb7	44	AQRCGDQARGAKCPNCLCCGKYGFCGSGDAYCGAGSCQSQCRGC	CCECECCCCCECCCCCCEEECCCEEECCCCCCCCCCCCECCCCC
2lg4	40	AACSDRAHGHICESFKSFCKDSGRNGVKLRANCKKTCGLC	CCCCECCCCHHHHHHHHHCCCCCHHHHHHHHHECHHHCCC
2lg5	36	LFCKGGSCHFGGCPSHLIKVGSCFGFRSCCKWPWNA	CCCCCCEEEECCCCCCCEEEEECCCCEEEEECCCCC
2lg6	36	LFCKGGSCHFGGCPSHLIKVGSCFGFRSCCAWPWNA	CCCCCEEEEECCCCCCCEEEEEECCCEEEEECCCCC
2lj7	47	KTCENLSDSFKGPCIPDGNCNKHCKEKEHLLSGRCRDDFRCWCTRNC	CEEEEECCCCCCCCCCCCHHHHHHHHHHCCCEEEEECCCEEEEEEEC
2ljq	37	KYYGNGVHSTKSGSSVNWGEAFSAGVHRLANGGNGFW	CCCCCCCCCCCCCCCCCHHHHHHHHHHHHHHHHCCCC
2ljt	37	KYYGNGVHLTKSGLSVNWGEAFSAGVHRLANGGNGFW	CCCCCCCCCCCCCCCCCHHHHHHHHHHHHHHHHCCCC
2lld	40	ATCDLLSGTGVKHSACAAHCLLRGNRGGYCNGRAICVCRN	CCCCCCCCCCHHHHHHHHHHHHHCCCEEEEECCCEEEEEC
2lmf	23	LLGDFFRKSKEKIGKEFKRIVQR	HHHHHHHHHHHHHHHHHHHHHHC
2ln4	43	VTCDVLSFEAKGIAVNHSACALHCIALRKKGGSCQNGVCVCRN	HHHHHHHCCCCCCCHHHHHHHHHHHHHCCCEEEEECCEEEEEC
2lnq	40	DAEFRHDSGYEVHHQKLVFFAENVGSNKGAIIGLMVGGVV	CCCCCCCCCCCCCCCEEEEEECCCCCCCCCEEEEEECCCC
2lr3	47	RTCESQSHKFKGPCASDHNCASVCQTERFSGGRCRGFRRRCFCTTHC	CEEEEECCCCCCCCCCHHHHHHHHHHHCCCEEEEECCCCEEEEEEEC
2lr5	38	GFGCPFNENECHAHCLSIGRKFGFCAGPLRATCTCGKQ	CCCCCCCHHHHHHHHHHHCCCEEEEECCCCCEEEEECC
2lr7	29	RKCNFLCKLKEKLRTVITSHIDKVLRPQG	CCCCHHHHHHHHHHHHHHHHHHHHHCCCC
2ls9	25	GWGSFFKKAAHVGKHVGKAALTHYL	CHHHHHHHHHHHHHHHHHHHHHHHC
2lsa	23	GIGKFLHSAKKFGKAFVGEIMNS	CHHHHHHHHHHHHHHHHHHHHHC
2lt8	42	GFGCPGDAYQCSEHCRALGGGRTGGYCAGPWYLGHPTCTCSF	CCCCCCCHHHHHHHHHHHCCCCCEEEEECCHHHCCCEEEEEC
2lxo	44	GIINTLQKYYCRVRGAICHPVFCPRRYKQIGTCGLPGTKCCKKP	CHHHHHHHHHHHHHCCEEEECCCCCCCEEEEECCCCCEEEEECC
2m6a	28	ADDRCERMCQRYHDRREKKQCMKGCRYG	HHHHHHHHHHCCCCHHHHHHHHHHHHHC
2m8v	33	ADRGWIKTLTKDCPNVISSICAGTIITACKNCA	CCCCCEEEECCCCCCCEEEECCCCCCCCCCCCC
2m9o	29	GLPVCGETCTLGTCYTQGCTCSWPICKRN	CCCEEEEECCCCCCCCCCEEEECCEEEEC
2mag	23	GIGKFLHSAKKFGKAFVGEIMNS	CHHHHHHHHHHHHHHHHHHHHHC
2mbd	27	GLPRKILCAIAKKKGKCKGPLKLVCKC	CCCHHHHHHHHHHHCCCCCHHHHHHCC
2mdl	24	TCHIRRKPKFRKFKLYHEGKFWCP	CCEEEEEEEEECCEEEEEEEEECC
2mfs	35	CVLIGQRCDNDRGPRCCSGQGNCVPLPFLGGVCAV	CECCCEEECCCCCCCCECCCCEEEECCCCCEEEEC
2mhw	27	GIGGVLLSAGKAALKGLAKVLAEKYAN	CHHHHHHHHHHHHHHHHHHHHHHHHHC
2mij	37	GLGKAQCAALWLQCASGGTIGCGGGAVACQNYRQFCR	CCCHHHHHHHHHHHHHCCCCCCCHHHHHHHHHHHHHC
2mmj	21	GLFGVLAKVAGHVVGAIAEHF	CHHHHHHHHHHHHHHHHHHHC
2mmm	36	GGLKKLGKKLEGAGKRVFKASEKALPVVVGIKAIGK	CHHHHHHHHHHHHHHHHHHHHHHHHHHHHHHHHHHC
2mmt	21	GGAGHVPEYFVRGDFPISFYG	CCCCCCCHHHCCCCCCCCCCC
2mmw	21	GGAGHVPEYFVRGDTPISFYG	CCCCCCCHHHCCCCCCCCCCC
2mn1	30	GLPVCGETCVGGTCNTPGCTCSWWPVCTRN	CCCEEEEECCCCCCCCCCEECCCCCEEEEC
2mvx	39	DAEFRHDSGYEVHHQKLVFFADVGSNKGAIIGLMVGGVV	CCCCCCCCCCCCCCCCCCCCCCCCCCCCCCCCCCCCCCC
2mwt	34	KRFKKFFKKVKKSVKKRLKKIFKKPMVIGVTIPF	HHHHHHHHHHHHHHHHHHHHHHHCCCHHHHHCCC
2n1c	23	FEDLPNFGHIQVKVFNHGEHIHH	CCCCCHHHHHHHHHHHHHHCCCC
2n1e	20	VKVKVKVKVPPTKVKVKVKV	CEEEEEEEECCEEEEEEEEC
2n30	23	FEDLPNFGHIQVKVFNHGEHIHH	CCCCCHHHHHHHHHHHHHHCCCC
2n4k	43	KYYGNGVSCNKKGCSVDWGKAIGIIGNNAAANLTTGGKAGWKG	CECCCCEEEECCEEEECHHHHHHHHHHHHHHHHHHCCCCCCCC
2n92	31	SWLSKTAKKLENSAKKRISEGIAIAIQGGPR	CHHHHHHHHHHHHHHHHHHHHHHHHHHCCCC
2na5	34	IKPEAPGEDASPEELNRYYASLRHYLNLVTRQRY	CCCCCCCCCCCHHHHHHHHHHHHHHHHHHHCCCC
2ncx	24	GLNALKKVFQGIHEAIKLINNHVQ	HHHHHHHHHHHHHHHHHHHHHHHC
2ncy	24	GLNALKKVFQPIHEAIKLINNHVQ	HHHHHHHHHHHHHHHHHHHHHHHC
2nlb	36	DHYACVSSGGQCLYSACPIFTKIQGTCYRGKAKCCK	HHHHHHHHCCEEECCCCCCCCCEEEEEHHHCEEEEC
2nlc	36	DHYNCVSAGGQCLYSACPIFTKIQGTCYRGKAKCCK	HHHHHHHHCCEEECCCCCCCCCEEEEEHHHCEEEEC
2nld	36	DHYNCVSSGGACLYSACPIFTKIQGTCYRGKAKCCK	HHHHHHHHCCEEECCCCCCCCCEEEEEHHHCEEEEC
2nle	36	DHYNCVSSGGQCAYSACPIFTKIQGTCYRGKAKCCK	HHHHHHHHCCEEECCCCCCCCCEEEEEHHHCEEEEC
2nlf	36	DHYNCVSSGGQCEYSACPIFTKIQGTCYRGKAKCCK	HHHHHHHHCCEEECCCCCCCCCEEEEEHHHCEEEEC
2nlg	36	DHYNCVSSGGQCLYSACPIFTEIQGTCYRGKAKCCK	HHHHHHHHCCEEECCCCCCCCCEEEEEHHHCEEEEC
2nlh	36	DHYNCVSSGGQCLYSACPIFTKIAGTCYRGKAKCCK	HHHHHHHHCCEEECCCCCCCCCEEEEEHHHCEEEEC
2nlp	36	DHYNCVSSGGQCLYSACPIFTKIEGTCYRGKAKCCK	HHHHHHHHCCEEECCCCCCCCCEEEEEHHHCEEEEC
2nlq	36	DHYNCVSSGGQCLYSACPIFTKIQGTCYRGAAKCCK	HHHHHHHHCCEEECCCCCCCCCEEEEEHHHCEEEEC
2nls	36	DHYNCVSSGGQCLYSACPIFTKIQGTCYRGEAKCCK	HHHHHHHHCCEEECCCCCCCCCEEEEEHHHCEEEEC
2ny8	40	ATCDLASGFGVGSSLCAAHCIARRYRGGYCNSKAVCVCRN	HHHHHHHHHCHHHHHHHHHHHHHCCCEEEEECCCEEEEEC
2nz3	40	ATCDLASIFNVNHALCAAHCIARRYRGGYCNSKAVCVCRN	CCCCCCCCCCHHHHHHHHHHHHHCCCEEEEECCCEEEEEC
2ojn	22	FFHHIFRPIVHVGKTIHRLVTG	HHHHHHHHHHHHHHHHHHHHHC
2ojo	22	FFHHIFRAIVHVAKTIHRLVTG	HHHHHHHHHHHHHHHHHHHHHC
2oon	36	YPAKPEAPGEDASAEELSRYYASLRHYLNLVTRQRY	CCCCCCCCCCCCCHHHHHHHHHHHHHHHHHHHCCCC
2oop	36	YPAKPEYPGEDASPEELSRYYASLRHYLNLVTRQRY	CCCCCCCCCCCCCHHHHHHHHHHHHHHHHHHHCCCC
2pco	26	SMWSGMWRRKLKKLRNALKKKLKGEK	CHHHHHHHHHHHHHHHHHHHHHHHHC
2plz	36	DHYNCVSSGGQCLYSACPIFTRIQGTCYRGRARCCR	HHHHHHHHCCEEECCCCCCCCCEEEEEHHHCEEEEC
2pm1	30	ACYCRIPACIAGEAAYGTCIYQGALWAFCC	CCEEECCCCCCCCCEEEEEEECCEEEEEEC
2pm4	30	DCYCRIPACIAGEKKYGTCIYQGKLWAFCC	CCEEECCCCCCCCCEEEEEEECCEEEEEEC
2pm5	30	DCYCRIPACIAGEAAYGTCIYQGALWAFCC	CCEEECCCCCCCCCEEEEEEECCEEEEEEC
2po8	34	CPKILKKCRRDSDCPGACICRGNGYCGSGSDGGV	CCCCCEECCCHHHCCCCEEEECCCEEEECCCCCC
2pv6	22	ELDKWASLWNWFNITNWLWYIK	HHHHHHHHHHHHHHHHHHHHHC
2v9b	46	KSCCPNTTGRDIYNTCRLGGGSRERCASLSGCKIISASTCPSDYPK	CEECCCHHHHHHHHHHHHHCCCHHHHHHHHCCEECCCCCCCCCCCC
3c8p	46	KSCCPSTTGRNIYNTCRLTGSSRETCAKLSGCKIISASTCPSNYPK	CEECCCHHHHHHHHHHHHHCCCHHHHHHHHCCEECCCCCCCCCCCC
3e4h	29	CGETCTLGTCYTAGCSCSWPVCTRNGVPI	CCCECCCCCCCCCCCEEECCEEEECCECC
3h6c	30	ACYCRIPACIAGERRYGTCIYAGRLWAFCC	CCEEECCCCCCCCCEEEEEEECCEEEEEEC
3hj2	33	CGGACYCRIPACIAGERRYGTCIYQGRLWAFCC	CCCCCEEECCCCCCCCCEEEEEEECCEEEEEEC
3lo1	30	ACYCRIPACIAGERRAGTCIYQGRLWAFCC	CCEEECCCCCCCCCEEEEEEECCEEEEEEC
3lo2	30	ACYCRIPACIAGERRYGTCIAQGRLWAFCC	CCEEECCCCCCCCCEEEEEEECCEEEEEEC
3lo4	30	ACYCRIPACIAGERRYGTCIYQGALWAFCC	CCEEECCCCCCCCCEEEEEEECCEEEEEEC
3loe	30	ACYCRIPACIAGERRYGTCIYQGRLWAACC	CCEEECCCCCCCCCEEEEEEECCEEEEEEC
3lvx	30	ACYCRAPACIAGERRYGTCIYQGRLWAFCC	CCEEECCCCCCCCCEEEEEEECCEEEEEEC
3ngg	50	KDRPKKPGLCPPRPQKPCVKECKNDDSCPGQQKCCNYGCKDECRDPIFVG	CCCCCCCCECCCCCCCCCCECCCCHHHCCCCCEEEECCCCEEEECCECCC
3psm	47	KTCENLADTFRGPCFTDGSCDDHCKNKEHLIKGRCRDDFRCWCTRNC	CEEEEECCCCCCCCCCHHHHHHHHHHHHCCCEEEEECCCEEEEEEEC
4du0	30	ACYCRIPACIAGERRYATCIYQGRLWAFCC	CCEEECCCCCCCCCEEEEEEECCEEEEEEC
4lb1	30	ACYCRIPACIAGERRAGTCIYQGRLWAACC	CCEEECCCCCCCCCEEEEEEECCEEEEEEC
4lb7	30	ACYCRIPACIAGERRAGTCAYQGRAWAACC	CCEEECCCCCCCCCEEEEEEECCEEEEEEC
4lbb	30	ACYCRIPACIAGERRYGTCAYQGRLWAFCC	CCEEECCCCCCCCCEEEEEEECCEEEEEEC
4lbf	30	ACYCRIPACIAGERRYGTCAYQGRAWAFCC	CCEEECCCCCCCCCEEEEEEECCEEEEEEC
4ozk	49	ACQCPDAISGWTHTDYQCHGLENKMYRHVYAICMNGTQVYCRTEWGSSC	CCCCCCCEEEEEECCCEEECCCCEEEEEEEEEECCCCEEEEEEEEEEEC
4ttn	29	GLPVCAETCVGGTCNTPGCTCSWPVCTRN	CCCEEEEECCCCCCCCCCCEEECCEEECC
4tto	29	GLPVCGETCVGGTCNTPGCTCSWPACTRN	CCCEEEEECCCCCCCCCCCEEECCEEECC
5cgo	23	GIGKFLHAAKKFGKAFVAEIMNS	CHHHHHHHHHHHHHHHHHHHHHC
5gwg	31	LRVRRTLQCSCRRVCRNTCSCIRLSRSTYAS	CCCCCEEEEEEECCCCCEEEEEEECCCCCCC
5h2s	25	FIHHIIGGLFSAGKAIHRLIRRRRR	HHHHHHHHHHHHHHHHHHHHHHHHC
5j6t	18	IFGAIWPLALGALKNLIK	CCCHHHHHHHHHHHHHHC
5j6v	19	DIFGAIWPLALGALKNLIK	CCHHHHHHHHHHHHHHHHC
5j6w	19	KIFGAIWPLALGALKNLIK	HHHHHHHHHHHHHHHHHHC
5khb	21	MGIIAGIIKVIKSLIEQFTGK	HHHHHHHHHHHHHHHHHHHCC
5lcs	47	QPFIPRPIDTCRLRNGICFPGICRRPYYWIGTCNNGIGSCCARGWRS	CCCCCCCCCHHHHHCEEEECCCCCCCEEEEEEEHHHCEEEEEECCCC
5lm0	28	ADDRCYRMCQRYHDRREKKQCKEGCRYG	HHHHHHHHHHCCCCHHHHHHHHHHHCCC
5m9u	21	RWCVYAYRRVRGVLVRYRRCW	CCEEEEEEEECCEEEEEEEEC
5nce	50	RMCKTPSGKFKGYCVNNTNCKNVCRTEGFPTGSCDFHVAGRKCYCYKPCP	CEEEEECCCCCCCCCCHHHHHHHHHHHCCCEEEEEEECCEEEEEEEEECC
5ujr	33	WGWKEVVQNGQTIFSAGQKLGNMVGKIVPLPFG	CHHHHHHHHHHHHHHHHHHHHHHHHHHCCCCCC
5ukz	44	KYYGNGVTCGKHSCSVDWGKATTCIINNGALAWATGGHQGNHKC	CEECCCEEECCCCEEECHHHHHHHHHHHHHHHHHHCCCCCCCCC
5v0y	21	GFCWYVCVYRNGVRVCYRRCN	CCEEEEEEEECCEEEEEEEEC
5v11	21	GFCWYVCARRNGARVCYRRCN	CCEEEEEEEECCEEEEEEEEC
5wov	34	GGVCPKILQRCRRDSDCPGACICRGNGYCGSGSD	CCCCCCCCEECCCHHHCCCCEEEECCCEEEECCC
5wow	39	GGVCPKILQRCRRDSDCPGACICRGNGYCGYPYDVPDYA	CCCCCCCCEECCCHHHCCCCCEEECCCEEECCCCCCCCC
5x3l	20	GLGSVFGRLARILGRVIPKV	CHHHHHHHHHHHHHHHHCCC
5xa6	38	GFGCPFNQGKCHRHCRSIRRRGGYCDGFLKQRCVCYRK	CCCCCCCHHHHHHHHHHHCCCEEEEECCCCCEEEEECC
5xol	21	GSKKPVPIIYCNAATGKCQRM	CCCCCCCCEEEECCCCEEEEC
5y0h	21	GFAWNVCVYRNGVRVCHRRAN	CCEEEEEEEECCEEEEEEEEC
5y0i	21	GFCWNVCVYRNGVRVCHRRCN	CCEEEEEEEECCEEEEEEEEC
5y0j	21	AFCWNVCVYRNAVRVCHRRCN	CCEEEEEEEECCEEEEEEEEC
5z1y	21	NLCASLRARHTIPQCRKFGRR	CHHHHHHHHHCCCCCCCCCCC
5zv6	30	AGECVRGRCPGGLCCSKFGFCGSGPAYCGG	CCECECCECCCCCEEECCCEEECCCCCCCC
6b55	48	ARECKTESNTFPGICITKPPCRKACISEKFTDGHCSKILRRCLCTKPC	CCEEEEECCCCCCCCCCHHHHHHHHHHHCCCEEEECCCCCCEEEEEEC
6b9w	34	GSACQFWSCNSSCISRGYRQGYCWGIQYKYCQCQ	CCCCCHHHHHHHHHHHCCCCEEEECCCCCEEEEC
6bam	34	GSACQFWSCNSSCISRGYRQGKCWGIQYKYCQCQ	CCCCCHHHHHHHHHHHCCCCEEEECCCCCEEEEC
6bb6	34	GMACQFWSCNSSCISRGYRQGKCWGIQYKYCQCY	CCCCCHHHHHHHHHHHCCCCEEEECCCCCEEEEC
6bi5	31	GMACQFWSCNSSCISRGYRQGKCWGKYCQCY	CCCCCHHHHHHHHHHHCCCCEEEECCEEEEC
6c41	23	VFQFLGKIIHHVGNFVHGFSHVF	HHHHHHHHHHHHHHHHHHHHHHC
6cl3	24	IWLTALKFLGKNLGKLAKQQLAKL	HHHHHHHHHHHHHHHHHHHHHHHC
6dhr	29	GLPICGETCLLGKCYTPGCSCRRPVCYKN	CCCEEEEECCCCCCCCCCEEEECCEEEEC
6dmm	33	VCSCRLVFCRRTELRVGNCLIGAVSFTYCCTRV	CEEEECCCCCCCEEEEEEEEECCEEEEEEEECC
6dmq	33	VCSCRLVFCRRTELRVGNCLIGGVSFAYCCTRV	CEEEEECCCCCCEEEEEEEEECCEEEEEEEECC
6dmz	47	RTCQSQSHRFRGPCLRRSNCANVCRTEGFPGGRCRGFRRRCFCTTHC	CEEEEECCCCCCCCCCHHHHHHHHHHHCCCEEEEECCCCEEEEEEEC
6dst	26	GIGAVLKVLTTGLPALISWIKRKRQQ	CHHHHHHHHHHHHHHHHHHHHHHHHC
6duu	19	FLPIIINLKALAALAKKIL	HHHHHHHHHHHHHHHHHHC
6e3y	37	ACDTATCVTHRLAGLLSRSGGVVKNNFVPTNVGSKAF	CCCHHHHHHHHHHHHHHHHHCCCCCCCCCCCCCCCCC
6fs4	31	TKLTEEEKNRLNFLKKISQRYQKFALPQYLK	CCCCHHHHHHHHHHHHHHHHHHHHHHHHHHC
6hz2	27	GIGGKILSGLKTALKGAAKELASTYLH	CHHHHHHHHHHHHHHHHHHHHHHHHHC
6k50	40	GFGCNGPWNEDDLRCHNHCKSIKGYKGGYCAKGGFVCKCY	CCCECCCCCECHHHHHHHHHHCCCCCCEEEEHHHCEEEEC
6k51	40	GFGCNGPWQEDDLKCHNHCKSIKGYKGGYCAKGGFVCKCY	CCCECCCCCECHHHHHHHHHHCCCCCCEEEECCCCEEEEC
6kra	33	RRTCRCRFGRCFRRESYSGSCNINGRIFSLCCR	CCCEEEECCCCCCCCEEEEEEEECCEEEEEEEC
6lwy	49	ACQCPDAISGWTHTDYQCHGLEKKMYRHVYAICMNGSQVYCRTEWGSSC	CCCCCCCEEEEEECCCEEECCCCEEEEEEEEEECCCCEEEEEEEEEEEC
6mry	48	ARQCKAESNTFTGICIAKPPCRQACIREKFTDGHCSKVLRRCLCTKRC	CCEEEEECCCCCCCCCCHHHHHHHHHHHCCCEEEECCCCCCEEEEEEC
6nom	47	KTCENLSGTFKGPCIPDGNCNKHCRNNEHLLSGRCRDDFRCWCTNRC	CEEEEECCCCCCCCCCCCHHHHHHHHHHCCCEEEECCCCCEEEEEEC
6o8j	25	AGKETIRQYLKNEIKKKGRKAVIAW	CHHHHHHHHHHHHHHHHHHHHHHHC
6o8p	25	AGKEKIRKKLKNEIKKKGRKAVIAW	CHHHHHHHHHHHHHHHHHHHHHHHC
6o8r	25	AWKEKIRKKLKNEIKKKGRKAVIAW	HHHHHHHHHHHHHHHHHHHHHHHHC
6o8s	25	AGKEKIRKKLKNEIKKKWRKAVIAW	HHHHHHHHHHHHHHHHHHHHHHHHC
6o8t	25	AWKEKIRKKLKNEIKKKWRKAVIAW	HHHHHHHHHHHHHHHHHHHHHHHHC
6r2x	25	FETLRGDERILSILRHQNLLKELQD	CHHHHHHHHHHHHHHHHHHHHHHHC
6rsf	25	GWGSFFRRAAHVGRHVGRAALTHYL	CHHHHHHHHHHHHHHHHHHHHHHHC
6rsg	25	GWGSFFKKAAHAGKHAGKAALTHYL	CHHHHHHHHHHHHHHHHHHHHHHHC
6ry9	26	GRRKRKWLRRIGKGVKIIGGAALDHL	CHHHHHHHHHHHHHHHHHHHHHHHHC
6ryq	20	WLRRIGKGVKIIGGAALDHL	HHHHHHHHHHHHHHHHHHHC
6rz1	24	FLGALIKGAIHGGRFIHGMIQNHH	HHHHHHHHHHHHHHHHHHHHHHHC
6rzc	25	GWGSIFKHGRHAAKHIGHAAVNHYL	CHHHHHHHHHHHHHHHHHHHHHHHC
6s2d	24	GKGRWLERIGKAGFIIIGGALDHL	HHHHHHHHHHHHHHHHHHHHHHHC
6vpn	47	KTCENLADTYKGPCFTTGSCDDHCKNKEHLRSGRCRDDFRCWCTKNC	CEEEEECCCCCCCCCCHHHHHHHHHHHHCCCEEEEECCCEEEEEEEC
6wpo	25	GIGDILKNLAKAAGKAALHAVGESL	CHHHHHHHHHHHHHHHHHHHHHHHC
7c2p	47	RTCESQSHKFKGPCLRASNCANVCKTEGFHGGKCRGFRRRCFCTKHC	CEEEEECCCCCCCCCCHHHHHHHHHHHCCCEEEEECCCCEEEEEEEC
7c31	47	RVCESQSHKFEGACMGDHNCALVCRNEGFSGGKCKGLRRRCFCTKLC	CEEEEECCCCCCCCCCHHHHHHHHHHHCCCEEEEECCCCEEEEEEEC
7k7x	29	GLPVCGETCVGGTCNTPGCVCSWPVCTRN	CCCEEEEECCCCCCCCCCCEEECCEEECC
7kpd	29	AIPCGESCVYIPCISVVIGCSCRNKVCYR	CCEEEEECCCCCCCCHHHCCEEECCEEEC
7ns1	31	MITISTMLQFGLFLIALIGLVIKLIELSNKK	CCCHHHHHHHHHHHHHHHHHHHHHHHHHHHC
