Peptide ID,Peptide Sequence,Secondary Structure,Helix %age(H),Sheet %age(E),Coil (%age)C
1f0d_1d9j,KWKLFKKIGIGKFLHSAKKF,CCCCHHHCCCCHHHHHHHHCCCCCCCCCCC,36.67,0,63.33
1f0g_1d9p,KLKLFKKIGIGKFLHSAKKF,CCCHHHHCCCCHHHHHHHHCCCCCCCCCCC,40,0,60
1f0h_1d9o,KAKLFKKIGIGKFLHSAKKF,CCCCCCHCCCCHHHHHHHHCCCCCCCCCCC,30,0,70
1ha9_1ib9,SGSDGGVCPKILKKCRRDSDCPGACICRGNGYCG,CCECCECCCCCCCECCCHHHCCCCEEECCCCEEC,8.82,23.53,67.65
1jau_1jav,KWASLWNWFNITNWLWYIK,CCCCHHHHHCHHHHHHHCCCCCCCCCCCCC,40,0,60
1k48_1jjz,NGLPVCGETCVGGTCNTPGCTCSWPVCTR,CCCCCCCCECCCCCCCCCCCEEECCEEECC,0,23.33,76.67
1kj5_1ijv_1iju_1e4s,DHYNCVSSGGQCLYSACPIFTKIQGTCYRGKAKCCK,CHHHHHHCCCEEECCCCCCCCCEEEEECCCCEEEEC,16.67,33.33,50
1ohn_1og7,KYYGNGVHCGKHSCTVDWGTAIGNIGNNAAANWATGGNAGWNK,CECCCCEECCCCCCCCCCHHHHHHHHHHHHHHCCCCCCCCCCC,32.56,6.98,60.47
1okh_1ed0,KSCCPNTTGRNIYNACRLTGAPRPTCAKLSGCKIISGSTCPSDYPK,CEECCCHHHHHHHHHHHHCCCCHHHHHHHHCCEECCCCCCCCCCCC,43.48,8.7,47.83
1ot0_1p0j,AKKVFKRLEKLFSKIQNWK,CCCCHHHHHHHHHHHHCCCCCCCCCCCCCC,40,0,60
1pp5_1q71,GGAGHVPEYFVGIGTPISFY,CECCCEECCCCCCCCCCCCCCCCCCCCCCC,0,10,90
1xc0_2kns,GFFALIPKIISSPLFKTLLSAVGSALSSSGGQE,CCCCCHHHHCCCCCHHHHHHHHHHHCCCCCCCC,45.45,0,54.55
1z6v_1z6w,GRRRRSVQWCAVSQPEATKCFQWQRNMRKVRGPPVSCIKRDSPIQCIQA,CCCCCCCCCCCCCHHHHCHHHHHHHHCCCCCCCCCCCCCCCHHHHHCCC,34.69,0,65.31
1zfu_3e7u_3e7r,GFGCNGPWDEDDMQCHNHCKSIKGYKGGYCAKGGFVCKCY,CCCECCCCCECHHHHHHHHHHCCCCCCEEEECCCCEEEEC,25,25,50
1zmk_1zmh_1zmi,CYCRIPACIAGERRYATCIYQGRLWAFCC,CEEECCCCCCCCCEEEEEEECCEEEEEEEC,0,56.67,43.33
1znu_1nb1_2jue,CGETCVGGTCNTPGCTCSWPVCTRNGLPV,CCEECCCCCCCCCCCEEECCEEEECCECCC,0,33.33,66.67
1zrv_1zrw,HVDKKVADKVLLLKQLRIMRLLTRL,CCCHHHHHHHHHHHHHHHHHHHHHHCCCCC,73.33,0,26.67
2ap7_2ap8,IIGPVLGLVGSALGGLLKKI,CCCHHHHHHHHHHHHHHHHHCCCCCCCCCC,56.67,0,43.33
2dtb_1dtc_2kam,MAQDIISTIGDLVKWIIDTVNKFTKK,CHHHHHHHHHHHHHHHHHHHHHHCCCCCCC,73.33,0,26.67
2jni_2l8x,RWCVYAYVRIRGVLVRYRRCW,CCEEEEEEEECCEEEEEEECCCCCCCCCCC,0,50,50
2jpk_2jpm,KKWGWLAWVDPAYEFIKGFGKGAIKEGNKDKWKNI,CCCCHHHHHHHHHHHHHHHCCCCCCCCCCCCHHHC,51.43,0,48.57
2jpl_2jpj,GTWDDIGQGIGRVAYWVGKALGNLSDVNQASRINRKKKH,CCHHHHHHHHHHHHHHHHHHHCCCCHHHHHHHHHHHHCC,79.49,0,20.51
2k9b_2jx6,GLWSKIKAAGKEAAKAAAKAAGKAALNAVSEAV,CCCCCCCHHHHHHHHHHHHHHHHHHHHHHHHHC,75.76,0,24.24
2kch_1pt4,CGETCFGGTCNTPGCSCTWPICTRDGLPV,CCCECCCCCCCCCCCEEECCEEEECCECCC,0,30,70
2khf_2khg,GAWKNFWSSLRKGFYDGEAGRAIRR,CCHHHHHHHHHHHHCCCHHHHCHCCCCCCC,56.67,0,43.33
2knm_2kcg_2knn,GIPCGESCVWIPCISSAIGCSCKSKVCYRN,CEEEECCCCCCCCCHCHHCCEEECCEEEEC,10,36.67,53.33
2leu_3leu_1cw6,KYYGNGVHCTKSGCSVNWGEAFSAGVHRLANGGNGFW,CECCCCCEEECCEEECCCHHHHHHHHHHHHCCCCCCC,32.43,18.92,48.65
2m9r_2m9s_2lmp_2m4j_2lmo_6,DAEFRHDSGYEVHHQKLVFFAEDVGSNKGAIIGLMVGGVV,CCCCCCCCCCCCCHHHHHHHHHHHECCCCCEEEEEECCCC,27.5,17.5,55
2mcv_2mcu_6pf0,FFHHIFRGIVHVGKTIHRLVTG,CCCCCCCCHHHHHHHHHHHHCCCCCCCCCC,40,0,60
2mcw_2mcx_6pez,FIHHIFRGIVHAGRSIGRFLTG,CCCCCCCCHEECCCCHHHHCCCCCCCCCCC,16.67,6.67,76.67
2mn9_2mn8,GLFGVLAKVAAHGVGAIAEHF,CHHHHHHHHHHCCHCHHHHHCCCCCCCCCC,53.33,0,46.67
2mw6_2mlt_6o4m_1bh1,GIGAVLKVLTTGLPALISWIKRKRQQ,CCCCHHHHHCCCCCCHHHHHHHHHCCCCCC,46.67,0,53.33
2n6m_5xdj,GIFSKLAGKKIKNLLISGLKG,CCCHHHHCHHHHHHHHHHCCCCCCCCCCCC,46.67,0,53.33
2ojm_2jos,FFHHIFRGIVHVGKTIHRLVTG,CCCCCCCCHHHHHHHHHHHHCCCCCCCCCC,40,0,60
2rlk_1qbf_1ru5_1ruu,YPAKPEAPGEDASPEELSRYYASLRHYLNLVTRQRY,CCCCCCCCCCCCCCCHCHHHHHHHHHHHHHHCCCCC,41.67,0,58.33
2rri_2rrh,HSDAVFTDNYTRLRKQMAVKKYLNSILNG,CCCHHHHHHHHHHHHHHHHHHHHHHHHHCC,83.33,0,16.67
3go0_3gny_3hjd_2kht,ACYCRIPACIAGERRYGTCIYQGRLWAFCC,CCEEECCCCCCCCCEEEEEEECCEEEEEEC,0,53.33,46.67
3lo6_3lo9,ACYCRIPACIAGERRYGTCIYQGRLAAFCC,CCEEECCCCCCCCCEEEEEEECCEEEEEEC,0,53.33,46.67
4aaz_4ab0_4cqk_1mr4,RECKTESNTFPGICITKPPCRKACISEKFTDGHCSKILRRCLCTKPC,CEEEEECCCCCCCCCCHHHHHHHHHHCCCCEEEECCCCCCEEEEEEC,21.28,31.91,46.81
4gv5_1z99_1h5o,YKQCHKKGGHCFPKEKICLPPSSDFGKMDCRWRWKCCKKGSG,CHHHHHHCEEEEECCCCCCCCCCECCCCCCCCCEEEEECCCC,14.29,26.19,59.52
4mgp_5cgn,GIGKFLHAAKKFAKAFVAEIMNS,CCCHHHHHHHHHHHHHHHHHCCCCCCCCCC,56.67,0,43.33
4qae_6wbv_2kef_1m4f,DTHFPICIFCCGCCHRSKCGMCCKT,CCCCCCCEEEECCCCCCCEEEEECCCCCCC,0,30,70
4ttm_2khb,GLPVCGETCVGGTCNTPGCTCSWPVCTRN,CCCCCCCECCCCCCCCCCCEEECCEEEECC,0,26.67,73.33
5id5_5i4g,SKCRQWQSKIRRTNPIFCIRRASPT,CECECHCHHHCCCCCHEECCCCCCCCCCCC,16.67,13.33,70
5kk4_5vyp,AKDCKRESNTFPGICITKPPCRKACIREKFTDGHCSKILRRCLCTKPC,CCCCEEECCCCCCCCCCHHHHHHHHHHCCCCEEEECCCCCCEEEEEEC,20.83,27.08,52.08
5lwc_7nyi,MAGLLRFLLSKGRALYNWAKSHVGKVWEWLKSGATYEQIKEWIENALGWR,CCCHHHHHHHHHHHHEHHHHHHCCCHHHHHHCCCCEHHHHHHHHHHCCCC,68,4,28
5nmn_5nnk_5nnm_5nnt_2k6o,LLGDFFRKSKEKIGKEFKRIVQRIKDFLRNLVPRTES,CHHHHHHHHHHHHHHHHHHHHHHHHHHHHHHCCCCCC,81.08,0,18.92
5oqv_5kk3_2mxu_2nao_6rhy_6,DAEFRHDSGYEVHHQKLVFFAEDVGSNKGAIIGLMVGGVVIA,CCCCCCCCCCCCCHHHHHHHHHHHECCCCCEEEEEEEEEEEC,26.19,28.57,45.24
5u9q_5ua6_5u9v,GVVDILKGAAKDIAGHLASKVM},CCCHEHHCCHHHHHHHHHHHHCCCCCCCCC,50,3.33,46.67
5u9s_5u9y_5ua8,GVVDILKGAAKDIAGHLASKVMNKL,CCCHEHHCCHHHHHHHHHHHHHHHCCCCCC,60,3.33,36.67
5ua7_5u9x_5u9r,GVVDILKGAAKDIAGHLASKVMN,CCCHEHHCCHHHHHHHHHHHHCCCCCCCCC,50,3.33,46.67
5xo4_5xo9_6aab_8tfv,GSKKPVPIIYCNRRTGKCQRM,CCCCCCCCEEEEHHHCEEEECCCCCCCCCC,10,26.67,63.33
5xo5_5xok,GSKKPVPIIACNRRTGKCQRA,CCCCCCCCEEEEHHHCEEECCCCCCCCCCC,10,23.33,66.67
5xoa_5xo3_6afq,GSKKPVPIIYCNRRTGKCQRF,CCCCCCCCEEEEHHHCEEEECCCCCCCCCC,10,26.67,63.33
6cs9_1fqq_1fd4_1fd3,GIGDPVTCLKSGAICHPVFCPRRYKQIGTCGLPGTKCCKKP,CCCCCCHHCCCCCEEEECCCCCCCEEEECCCCCCEEEEECC,4.88,31.71,63.41
6g4u_6g4i_6g4k,FLPILASLAAKFGPKLFCLVTKKC,CCCHHHHHHHCCCCCEEECCEECCCCCCCC,23.33,16.67,60
6g4x_6g4v,FLPILASLAAKFGPKLFSLVTKKS,CCCHHHHHHHCCCCEHHHHHHCCCCCCCCC,43.33,3.33,53.33
6r96_6r95,FLPILASLAAKFGPKLFALVTKKA,CCCHHHHHHHCCCCHHHHHHHHHCCCCCCC,53.33,0,46.67
6wux_7mn3,NLVSDIIGSKKHMEKLISIIKKCR,CCCCHHCCCCCCHHHHHHHHEECCCCCCCC,33.33,6.67,60
