1avf	AVVKVPLKKFKSIRETMKEKGLLGEF	CCEEEECCCCHHHHHHHHHHHHHHHC	26
1bh4	CGESCVWIPCISAALGCSCKNKVCYRNGIP	CCCCEEEEHHHHHHHCCCCCCCCCCCCCCC	30
1bk8	LCNERPSQTWSGNCGNTAHCDKQCQDWEKASHGACHKRENHWKCFCYFNC	CCCCCCCCCEEEEECCCCCCCHHHHHHHCCCCCEEEECCCCCEEEECCCC	50
1bnb	APLSCGRNGGVCIPIRCPVPMRQIGTCFGRPVKCCRSW	CCCCCCCCCCEEEEEECCCCCHHHHHCCCCCCCCCCCC	38
1cix	YSRCQLQGFNCVVRSYGLPTIPCCRGLTCRSYFPGSTYGRCQRY	CCCCEECCCCEEECCCCCCCCCCCCCCCCCCCCCCCCCCEECCC	44
1cw5	VNYGNGVSCSKTKCSVNWGQAFQERYTAGINSFVSGVASGAGSIGRRP	CCCCCCCCCCCCCEEECCCCHHHHHHHHHHHHHHHHHCCCCCCCCCCC	48
1cz6	RSVCRQIKICRRRGGCYYKCTNRPY	CCHHHHHEEECCCCCCEEEECCCCC	25
1dfn	DCYCRIPACIAGERRYGTCIYQGRLWAFCC	CCCEECCCCCCCCCCCCEEEECCCHHECCC	30
1dkc	AGCIKNGGRCNASAGPPYCCSSYCFQIAGQSYGVCKNR	CCCCCCCCCCCCCCCCCCCCCCCEEECCCCCCCEECCC	38
1dum	GIGKYLHSAKKFGKAWVGEIMNS	CCHHHHHHHHHHHHHHHHHHHCC	23
1e4q	PVTCLKSGAICHPVFCPRRYKQIGTCGLPGTKCCKKP	CCCCCCCCCCECCCCCCCCCCEEEECCCCCECCCCCC	37
1f8p	YPSKPDNPGEDAPAEDLARYYSALRHYINLITRQRY	CCCCCCCCCCCCCHHHHHHHHHHHHHHHHHCCCCCC	36
1fjn	GFGCPNNYQCHRHCKSIPGRCGGYCGGWHRLRCTCYRCG	CCCCCCCCHHHHHCCCCCCCCCCCCCCCEEECCEEECCC	39
1fry	RGLRRLGRKIAHGVKKYGPTVLRIIRIAG	CCHHHHHHHHHHHHHHCCCEEEEEEEECC	29
1fvn	YPSKPDNPGEDAPAEDLARYYSALRHYINLAARQRY	CCCCCCCCCCCCCHHHHHHHHHHHHHHHHHCCCCCC	36
1i2u	DKLIGSCVWGAVNYTSDCNGECKRRGYKGGHCGSFANVNCWCET	CCHHHHHHCCCCCCCCCCHHHHHHHCCCCCCCCCCCCCCCCCCC	44
1i2v	DKLIGSCVWGAVNYTSDCNGECLLRGYKGGHCGSFANVNCWCET	CCHHHHHHCCCCCCCCCCHHHHHHHCCCCCCCCCCCCCCCCCCC	44
1ica	ATCDLLSGTGINHSACAAHCLLRGNRGGYCNGKGVCVCRN	CCCCCCCCCCCCCCHHHHHHHHHCCCCCCECCCCEEECCC	40
1icy	YPSKPDNPGEDAPAEDLARYYSALRHYINLAPRQRY	CCCCCCCCCCCCCHHHHHHHHHHHHHHHHCCCCCCC	36
1iyc	ELPKLPDDKVLIRSRSNCPKGKVWNGFDCKSPFAFS	CCCCCCCCCEEEECCCCCCCCCCCCCCCCCCCCCCC	36
1jkz	KTCEHLADTYRGVCFTNASCDDHCKNKAHLISGTCHNWKCFCTQNC	CCCHHCCCCCCCCCCCCCCCCCCCCCCCCCCCCCCCCEEEEECCCC	46
1jmn	KSCCPNTTGRNIYNTCRFGGGSRQVCASLSGCKIISASTCPSDYPK	CCCCCCCCCCCEEEEECCCCCCHHHHHHCCCCEEECCCCCCCCCCC	46
1jmp	KSCCPNTTGRNIYNTCRLGGGSRERCASLSGCKIISASTCPSDYPK	CCCCCCCCCCCEEEEECCCCCCHHHHHHCCCCEEECCCCCCCCCCC	46
1kj6	GIINTLQKYYCRVRGGRCAVLSCLPKEEQIGKCSTRGRKCCRRKK	CCHHHHHHHHHHHCCCCEEEEECCCCCCCCCCCCCCCCCCCCCCC	45
1kv4	AKIPIKAIKTVGKAVGKGLRAINIASTANDVFNFLKPKKRKA	CCCCHHHHHHHHHHHHHHCHHHCCCCCHHHHHHHHHHHCCCC	42
1l4v	ATCDLLSGTGINHSACAAHCLLRGNRGGYCNGKAVCVCRN	CCCCCCCCCCCCCCHHHHHHHHHCCCCCCECCCCEEECCC	40
1lfc	FKCRRWQWRMKKLGAPSITCVRRAF	CCCCHHHHHHHHCCCCCEEEEEECC	25
1lu8	GCLEFWWKCNPNDDKCCRPKLKCSKLFKLCNFSF	CCCCEEECCCCCCCCCCCCCCECCHHHHHCCCCC	34
1lv4	SSMKLSFRARAYGFRGPGPQL	CCCEEEECCCCCCCCCCCCCC	21
1lyp	GLRKRLRKFRNKIKEKLKKIGQKIQGLLPKLA	CCHHHHHHHHHHHHHHHHHHHHHHHHHHCCCC	32
1m4e	ICIFCCGCCHRSKCGMCCKT	CEEEECCCCCCCCCCEEECC	20
1mm0	ACNFQSCWATCQAQHSIYFRRAFCDRSQCKCVFVRG	CCCCHHHHHHHHHHCCHHHHHHCCCCCCEEEEEECC	36
1mmc	VGECVRGRCPSGMCCSQFGYCGKGPKYCGR	CCCEECCCCCCCCCCCCCCCCCCCCCCCCC	30
1myn	DCLSGRYKGPCAVWDNETCRRVCKEEGRSSGHCSPSLKCWCEGC	CCCCCCCCCCEEEECCCHHHHHHHHCCCCCCCCCCCCEEEECCC	44
1ohm	KYYGNGVHCGKHSCTVDWGTAIGCIGNNAAANWATGGNAGWNKC	CCCCCCEECCCCCEEEECHHHHHHHHHHHHHHHCCCCCCCCCCC	44
1orx	VCGETCVGGTCNTPGCTCSWPVCT	CCCCCCCCCCCCCCCCEEEEEEEE	24
1ozz	DKLIGSCVWGAVNYTSNCNAECKRRGYKGGHCGSFANVNCWCET	CCHHHHHHCCCCCCCCCCHHHHHHHCCCCCCCCCCCCCCCCCCC	44
1p00	DKLIGSCVWGAVNYTSNCRAECKRRGYKGGHCGSFANVNCWCET	CCHHHHHCCCCCCCCCCCHHHHHHHCCCCCCCCCCCCCCCCCCC	44
1p0a	DKLIGSCVWGAVNYTSNCNAECKRRGYKGGHCGSFLNVNCWCET	CCHHCHHCCCCCCCCCCCHHHHHHHCCCCCCCCCCECCCCCCCC	44
1p0g	AKKVFKRLEKLFSKIQNDK	CHHHHHHHHHHHHHHHCCC	19
1p0l	AKKVFKRLEKLFSKIWNDK	CHHHHHHHHHHHHHHHCCC	19
1p0o	AKKVFKRLEKLFSKIWNWK	CHHHHHHHHHHHHHHHCCC	19
1p5k	AKKVFKRLEKSFSKIQNDK	CHHHHHHHHHHHHHHHCCC	19
1p5l	AKKVSKRLEKLFSKIQNDK	CCHHHHHHHHHHHHHHCCC	19
1pxq	NKGCATCSIGAACLVDGPIPDFEIAGATGLFGLWG	CCCCCEEEECCEEECCCCCCCCCEHHHHHHHHHCC	35
1q3j	CIKNGNGCQPNGSQGNCCSGYCHKQPGWVAGYCRRK	CCCCCCCCCCCCCCCCCCCCCCCCCCCCEEEECCCC	36
1ron	YPSKPDNPGEDAPAEDMARYYSALRHYINLITRQRY	CCCCCCCCCCCCCHHHHHHHHHHHHHHHHHCCCCCC	36
1s6w	GCRFCCNCCPNMSGCGVCCRF	CCEECCCCCCCCCCCEEEEEE	21
1ti5	RTCMIKKEGWGKCLIDTTCAHSCKNRGYIGGNCKGMTRTCYCLVNC	CCCCCCCCCCCEEEECCCCHHHHHCCCCCCCEEEEEEEEEECCCCC	46
1tyk	GCLEFWWKCNPNDDKCCRPKLKCSKLFKLCNFSF	CCCCEEECCCCCCCCCCCCCCECCHHHHHCCCCC	34
1tz4	YPSKPDNPGEDAPAEDLAQYAADLRHYINLITRQRY	CCCCCCCCCCCCCHHHHHHHHHHHHHHHHHCCCCCC	36
1u0i	EIAALEKEIAALEKEIAALEK	CCHHHHHHHHHHHHHHHHHHC	21
1ut3	SFGLCRLRRGFCARGRCRFPSIPIGRCSRFVQCCRRVW	CCCCHHHHHHCCCCCCCCCCCCCCCCHHHHHHHHHHCC	38
1vb8	CAESCVWIPCTVTALLGCSCSNKVCYNGIP	CCCCEEEEEEEEHHHHCCCCCCCCCCCCCC	30
1w9n	ASIVKTTIKAAKKLCRGFTLTCGCHFTGKK	CCHHHHHHHHHHHHHCCCEEECCCCCCCCC	30
1x22	GKIPVKAIKKAGAAIGKGLRAINIASTAHDVYSFFKPKHKKK	CCCCHHHHHHHHHHHHHHCHHHCCCCCHHHHHHHHHHHCCCC	42
1xv3	HSSGYTRPLRKPSRPIFIRPIGCDVCYGIPSSTARLCCFRYGDCCHL	CCCCCCCCCCCCCCCEEEEECCCCCCCCCCCCCCEEEEECCCCCCCC	47
1ytr	KSSAYSLQMGATAIKQVKKLFKKWGW	CCCCCCHHCCHHHHHHHHHHHHHCCC	26
1z64	GWGSFFKKAAHVGKHVGKAALTHYL	CCCCHHHHHHHHHHHHHHHHHHHHC	25
1zmm	VCSCRLVFCRRTELRVGNCLIGGVSFTYCCTRV	CCEEEEEECCCCCCCCCHHEECCCCHHHHCCCC	33
1znt	VGECVRGRCPSGMCCSQFGFCGKGPKYCGR	CCCCHCCCCCCCCCCCCCCCCCCCCCCCCC	30
1zrx	RGFRKHFNKLVKKVKHTISETAHVAKDTAVIAGSGAAVVAAT	CCHHHHHHHHHHHHHHHHHHHHHHCCCCEEEECCCCEEEECC	42
1zuv	VGECVRGRCPSGMCCSQWGYCGKGPKYCGR	CCCEECCCCCCCCCCCCCCCCCCCCCCCCC	30
1zwu	VGECVRGRCPSGMCCSQAGYCGKGPKYCGR	CCCHHCCCCCCCCCCCCCCCCCCCCCCCCC	30
2a2b	ARSYGNGVYCNNKKCWVNRGEATQSIIGGMISGWASGLAGM	CCCCCCCEEECCCCEEEEEHHHHHHHHHHEHHHHHCCCCCC	41
2amn	RVKRVWPLVIRTVIAGYNLYRAIKKK	CCCCHHHHHHHHHHCHHHHHHHHHHC	26
2b5k	RRWCFRVCYRGRFCYRKCR	CCEEEEEEECCCEEEEECC	19
2b68	GFGCPGNQLKCNNHCKSISCRAGYCDAATLWLRCTCTDCNGKK	CCCCCCCCCCHHHHHHHCCCCCCCCCCEEEEEEEEECCCCCCC	43
2dcv	YVSCLFRGARCRVYSGRSCCFGYYCRRDFPGSIFGTCSRRNF	CCEEEECCCCEEEECCCCCEEEEECCCCCCCCEEECCCCCCC	42
2dcw	YITCLFRGARCRVYSGRSCCFGYYCRRDFPGSIFGTCSRRNF	CEEEEECCCCEEEECCCCCEEEEECCCCCCCCEEECCCCCCC	42
2dez	YPIKPEAPGEDASPEELNRYYASLRHYLNLVTRQRY	CCCCCCCCCCCCCHHHHHHHHHHHHHHHHCCCCCCC	36
2df0	IKPEAPGEDASPEELNRYYASLRHYLNLVTRQRY	CCCCCCCCCCCHHHHHHHHHHHHHHHHHCCCCCC	34
2e3g	ATCDLASKWNWNHTLCAAHCIARRYRGGYCNSKAVCVCRN	CCCCCCCCCCCCCCHHHHHHHHHCCCCCCECCCCEEECCC	40
2eri	CGESCVFIPCISTLLGCSCKNKVCYRNGVIP	CCCCEEEEEEHHHHHCCCCCCCCECCCCCCC	31
2fcg	IGKEFKRIVQRIKDFLRNLVPRTES	CCCHHHHHHHHHHHHHHHHCCCCCC	25
2fqa	SAISCGETCFKFKCYTPRCSCSYPVCK	CCCCCCCCEEEEEECCCCCCCCCCCCC	27
2g9l	GILDTLKQFAKGVGKDLVKGAAQGVLSTVSCKLAKTC	CCHHHHHHHHHHHHHHHHHHHHHHHHHHHHHHHCCCC	37
2g9p	GLFGKLIKKFGRKAISYAVKKARGKH	CCHHHHHHHHHHHHHHHHHHHHCCCC	26
2gdl	LVQRGRFGRFLRKIRRFRPKVTITIQGSARF	CCCCCHHHHHHHHHHHHCCEEEEEEECCCCC	31
2gl1	KTCENLANTYRGPCFTTGSCDDHCKNKEHLRSGRCRDDFRCWCTRNC	CCCHHCCCCCCCCCCCCCCCCCCCCHCCCCCCCECCCCCCEEECCCC	47
2hfr	KRFWPLVPVAINTVAAGINLYKAIRRK	CCCCCCEHHHHHHHHHCHHHHHHHHHC	27
2i2j	SGSLSTFFRLFNRSFTQALGK	CCCHHHHHHHHHHHHHHHHCC	21
2igr	KWKVFKKIEKKWKVFKKIEKAGPKWKVFKKIEK	CCHHHHHHHHHHHHHHHHHCCCCCCHHHHCCCC	33
2it8	GVCPKILKKCRRDSDCPGACICRGNGYCG	CCHHHHHHHHCCCCCCCCEEEECCCCCCC	29
2jpy	FLSLIPHAINAVSTLVHHF	CCCCHHHHHHHHHHHHHHC	19
2jq0	FLSLIPHAINAVSAIAKHN	CCCCHHHHHHHHHHHHHCC	19
2jq1	FLSLIPHAINAVSALANHG	CCCCHHHHHHHHHHHHCCC	19
2jr8	GKIPVKAIKQAGKVIGKGLRAINIAGTTHDVVSFFRPKKKKH	CCCCHHHHHHHHHHHHHHCHHCCCCCCHHHHHHHHHHHCCCC	42
2jsb	RWCVYAYVRVRGVLVRYRRCW	CCEEEEEEEEEEEEEEEEECC	21
2jwm	CGETCTLGTCYTQGCTCSWPICKRNGLPV	CCCCCECCCCCCCCCCCCCCEECCCCCCC	29
2k10	GILSSFKGVAKGVAKDLAGKLLETLKCKITGC	CCCHHHHHHHHHHHHHHHHHHHHHHHCCCCCC	32
2k1i	RRTCHCRSRCLRRESNSGSCNINGRIFSLCCR	CCCCCCCCCEEECCCCCCCCEECEEEEEECCC	32
2k38	GFGALFKFLAKKVAKTVAKQAAKQGAKYVVNKQME	CHHHHHHHHHHHHHHHHHHHHHHHHHHHHHHCCCC	35
2k7g	GVPICGETCTLGTCYTAGCSCSWPVCTRN	CCCCCCCCEECCCCCCCCCEEECEEECCC	29
2k98	GIGKFLKKAKKGIGAVLKVLTTGL	CCHHHHHHHHCCHHHHHHHHHCCC	24
2ket	GRFKRFRKKFKKLFKKLSPVIPLLHL	CCCHHHHHHHHHHHHHCCCHHHHHHC	26
2kj7	KCNTATCATQRLANFLVRSSNNLGPVLPPTNVGSNTY	CCCCHHHHHHHHHHHHHHCCCCCCCCCCCCCCCCCCC	37
2kus	SGPNGQCGPGWGGCRGGLCCSQYGYCGSGPKYCAH	CCCCCCCCCCCCCCCCCCCCCCCCCCCCCCCCCCC	35
2kux	GTPCGESCVYIPCISGVIGCSCTDKVCYLN	CCCCCCCEEEEEEHHHHCCCCCCCCEECCC	30
2l1q	MTPFWRGVSLRPIGASCRDDSECITRLCRKRRCSLSVAQE	CCCCHHHCCCCCCCCCCCCCCCHHHHHHCCCCCCCCCCCC	40
2l2r	GSGRGSCRSQCMRRHEDEPWRVQECVSQCRRRRGGGD	CCCCHHHHHHHHHHCCCCCCHHHHHHHHHHHCCCCCC	37
2l36	GIGKALKKAKKGIGAVLKVLTTGL	CCHHHHHHHHCCHHHHHHHHHCCC	24
2l3i	GIRCPKSWKCKAFKQRVLKRLLAMLRQHAF	CCCCCCCCCCHHHHHHHHHHHHHHHHHCCC	30
2l5r	GLKEIFKAGLGSLVKGIAAHVAS	CHHHHHHHHHCHHHHHHHHHHCC	23
2l96	KKLKLAPAKLALLWKALALKLKKA	CCCCCCHHHHHHHHHHHHHHHHHC	24
2l99	KKLKLALAKPALLWKALALKLKKA	CCCHHHHCCHHHHHHHHHHHHHHC	24
2l9a	KKLKLALAKLAPLWKALALKLKKA	CCHHHHHHHHHHHHHHHHHHHHHC	24
2la2	RWKIFKKIEKVGRNVRDGIIKAGPAVAVVGQAATVVK	CCCHHHHHHHHHHHHHHHHHCCCCHHHHHHHHHHHCC	37
2lam	GLPTCGETCTLGTCYVPDCSCSWPICMKN	CCCCCCCCEECCCCCCCCCEEEEEEECCC	29
2lb7	AQRCGDQARGAKCPNCLCCGKYGFCGSGDAYCGAGSCQSQCRGC	CCCCCCCCCCCCCCCCCCCCCCCCCCCCCCCCCCCCCCCCCCCC	44
2lg4	AACSDRAHGHICESFKSFCKDSGRNGVKLRANCKKTCGLC	CCCCCCCCCHHHHHHHHHHCCCCCCCEEEEECCCCCCCCC	40
2lg5	LFCKGGSCHFGGCPSHLIKVGSCFGFRSCCKWPWNA	CEECCCCEECCCCCCEEEECCCCCCCCCCCCCCCCC	36
2lg6	LFCKGGSCHFGGCPSHLIKVGSCFGFRSCCAWPWNA	CEECCCCEEECCCCCEEEEECCCCCCCCCCCCCCCC	36
2lj7	KTCENLSDSFKGPCIPDGNCNKHCKEKEHLLSGRCRDDFRCWCTRNC	CCCCCCCCCCCCEECCCCCCHHHHHCCCCCCCCEEECCCEEEECCCC	47
2ljq	KYYGNGVHSTKSGSSVNWGEAFSAGVHRLANGGNGFW	CCCCCCEECCCCCCCECCCCHHHHHHHHHHCCCCCCC	37
2ljt	KYYGNGVHLTKSGLSVNWGEAFSAGVHRLANGGNGFW	CCCCCCEEECCCCCEECCCCHHHHHHHHHHCCCCCCC	37
2lld	ATCDLLSGTGVKHSACAAHCLLRGNRGGYCNGRAICVCRN	CCCCCCCCCCCCCCHHHHHHHHHCCCCCCECCCCEEECCC	40
2lmf	LLGDFFRKSKEKIGKEFKRIVQR	CCCHHHHHHHHHHHHHHHHHHHC	23
2ln4	VTCDVLSFEAKGIAVNHSACALHCIALRKKGGSCQNGVCVCRN	CCCCCCCCCCCCCCCCCCHHHHHHHHHCCCCCCCCCCEEECCC	43
2lnq	DAEFRHDSGYEVHHQKLVFFAENVGSNKGAIIGLMVGGVV	CCCCCCCCCCHHHHHEEEEECCCCCCCCCEEEEEECCCCC	40
2lr3	RTCESQSHKFKGPCASDHNCASVCQTERFSGGRCRGFRRRCFCTTHC	CCCCCCCCCEEEEEECCCCCHHHHCCCCCCCCEEEECCCCEECCCCC	47
2lr5	GFGCPFNENECHAHCLSIGRKFGFCAGPLRATCTCGKQ	CCCCCCCCHHHHHHHHHHHCCCCCCCCCHHHHHHHCCC	38
2lr7	RKCNFLCKLKEKLRTVITSHIDKVLRPQG	CCCCCHHHHHHHHHHHHHHHHHHHCCCCC	29
2ls9	GWGSFFKKAAHVGKHVGKAALTHYL	CCCCHHHHHHHHHHHHHHHHHHHHC	25
2lsa	GIGKFLHSAKKFGKAFVGEIMNS	CCHHHHHHHHHHHHHHHHHHHHC	23
2lt8	GFGCPGDAYQCSEHCRALGGGRTGGYCAGPWYLGHPTCTCSF	CCCCCCCCCCCHHHHHHCCCCCCCCCCCCCCCCCCCCCCCCC	42
2lxo	GIINTLQKYYCRVRGAICHPVFCPRRYKQIGTCGLPGTKCCKKP	CCHHHHHHHHHHHCCCCEEEECCCCCCCEEEEECCCCEEECCCC	44
2m6a	ADDRCERMCQRYHDRREKKQCMKGCRYG	CCCHHHHHHHHHHHHHHHHHHHCCCCCC	28
2m8v	ADRGWIKTLTKDCPNVISSICAGTIITACKNCA	CCCCHHHHHHHCHHHHHHHHHHHHHHHHHCCCC	33
2m9o	GLPVCGETCTLGTCYTQGCTCSWPICKRN	CCCCCCCCEECCCCCCCCCEEEEEEECCC	29
2mag	GIGKFLHSAKKFGKAFVGEIMNS	CCHHHHHHHHHHHHHHHHHHHHC	23
2mbd	GLPRKILCAIAKKKGKCKGPLKLVCKC	CCCHHHHHHHHHCCCCCCCCEEEEEEC	27
2mdl	TCHIRRKPKFRKFKLYHEGKFWCP	CCEEEECCCEEEEEEEEECCEECC	24
2mfs	CVLIGQRCDNDRGPRCCSGQGNCVPLPFLGGVCAV	CCEECCCCCCCCCCCCCCCCCCEECCCCCCCCCCC	35
2mhw	GIGGVLLSAGKAALKGLAKVLAEKYAN	CCCHHHHHHHHHHHHHHHHHHHHHHCC	27
2mij	GLGKAQCAALWLQCASGGTIGCGGGAVACQNYRQFCR	CCCCCCHHHEEEEECCCCCCCCCCCCEEECCHHHHCC	37
2mmj	GLFGVLAKVAGHVVGAIAEHF	CHHHHHHHHHCHHHHHHHHHC	21
2mmm	GGLKKLGKKLEGAGKRVFKASEKALPVVVGIKAIGK	CCHHHHHHHHHHHHHHHHHHHHCCCCHHHHHHHHCC	36
2mmt	GGAGHVPEYFVRGDFPISFYG	CCCCCCCCEEEECCCCEEEEC	21
2mmw	GGAGHVPEYFVRGDTPISFYG	CCCCCCEEEEEECCCCEEEEC	21
2mn1	GLPVCGETCVGGTCNTPGCTCSWWPVCTRN	CCCCCCCCCECCCCCCCCCCCCCCCCCCCC	30
2mvx	DAEFRHDSGYEVHHQKLVFFADVGSNKGAIIGLMVGGVV	CCCCCCCCCCEEEEEEEEEECCCCCCCCEEEEEECCCCC	39
2mwt	KRFKKFFKKVKKSVKKRLKKIFKKPMVIGVTIPF	CCHHHHHHHHHHHHHHHHHHHHHCCCEEEEECCC	34
2n1c	FEDLPNFGHIQVKVFNHGEHIHH	CCCCCCCCEEEEEEECCCCEEEC	23
2n1e	VKVKVKVKVPPTKVKVKVKV	CCEEEEEECCCCCEEEEEEE	20
2n30	FEDLPNFGHIQVKVFNHGEHIHH	CCCCCCCCEEEEEEECCCCEEEC	23
2n4k	KYYGNGVSCNKKGCSVDWGKAIGIIGNNAAANLTTGGKAGWKG	CCCCCCEECCCCCEEEHHHHHHHHHHCHHHHHCCCCCCCCCCC	43
2n92	SWLSKTAKKLENSAKKRISEGIAIAIQGGPR	CCCCHHHHHHHHHHHHHHHHHHHEEECCCCC	31
2na5	IKPEAPGEDASPEELNRYYASLRHYLNLVTRQRY	CCCCCCCCCCCHHHHHHHHHHHHHHHHHCCCCCC	34
2ncx	GLNALKKVFQGIHEAIKLINNHVQ	CCHHHHHHHHHHHHHHHHHHHHCC	24
2ncy	GLNALKKVFQPIHEAIKLINNHVQ	CCHHHHHHHHHHHHHHHHHHHHCC	24
2nlb	DHYACVSSGGQCLYSACPIFTKIQGTCYRGKAKCCK	CCEEEECCCCEEEEECCCCCCEEEEEECCCCCCCCC	36
2nlc	DHYNCVSAGGQCLYSACPIFTKIQGTCYRGKAKCCK	CCEEEECCCCEEEEECCCCCCEEEEEECCCCCCCCC	36
2nld	DHYNCVSSGGACLYSACPIFTKIQGTCYRGKAKCCK	CCEEEECCCCEEEECCCCCCCCEEEECCCCCCCCCC	36
2nle	DHYNCVSSGGQCAYSACPIFTKIQGTCYRGKAKCCK	CCEEEECCCCEEEEECCCCCCEEEEEECCCCCCCCC	36
2nlf	DHYNCVSSGGQCEYSACPIFTKIQGTCYRGKAKCCK	CCEEEECCCCEEEEECCCCCCEEEEEECCCCCCCCC	36
2nlg	DHYNCVSSGGQCLYSACPIFTEIQGTCYRGKAKCCK	CCEEEECCCCEEEECCCCCCCCEEEEECCCCCCCCC	36
2nlh	DHYNCVSSGGQCLYSACPIFTKIAGTCYRGKAKCCK	CCEEEECCCCEEEEECCCCCCEEEEEECCCCCCCCC	36
2nlp	DHYNCVSSGGQCLYSACPIFTKIEGTCYRGKAKCCK	CCEEEECCCCEEEECCCCCCCCEEEEECCCCCCCCC	36
2nlq	DHYNCVSSGGQCLYSACPIFTKIQGTCYRGAAKCCK	CCEEEECCCCEEEEECCCCCCEEEEEECCCCCCCCC	36
2nls	DHYNCVSSGGQCLYSACPIFTKIQGTCYRGEAKCCK	CCEEEECCCCEEEEECCCCCCEEEEEECCCCCCCCC	36
2ny8	ATCDLASGFGVGSSLCAAHCIARRYRGGYCNSKAVCVCRN	CCCCCCCCCCCCCCHHHHHHHHHCCCCCCECCCCEEECCC	40
2nz3	ATCDLASIFNVNHALCAAHCIARRYRGGYCNSKAVCVCRN	CCCCCCCCCCCCCCHHHHHHHHHCCCCCCECCCCEEECCC	40
2ojn	FFHHIFRPIVHVGKTIHRLVTG	CCCHHHHHHHHHCHHHHHHHCC	22
2ojo	FFHHIFRAIVHVAKTIHRLVTG	CHHHHHHHHHHHHHHHHHHECC	22
2oon	YPAKPEAPGEDASAEELSRYYASLRHYLNLVTRQRY	CCCCCCCCCCCCCHHHHHHHHHHHHHHHHHCCCCCC	36
2oop	YPAKPEYPGEDASPEELSRYYASLRHYLNLVTRQRY	CCCCCCCCCCCCCHHHHHHHHHHHHHHHHCCCCCCC	36
2pco	SMWSGMWRRKLKKLRNALKKKLKGEK	CCCHHHHHHHHHHHHHHHHHHHHCCC	26
2plz	DHYNCVSSGGQCLYSACPIFTRIQGTCYRGRARCCR	CCEEEECCCCEEEEECCCCCCEEEEEECCCCCCCCC	36
2pm1	ACYCRIPACIAGEAAYGTCIYQGALWAFCC	CCCCCCCCCCCCCCCCHHHHHHHHHHHCCC	30
2pm4	DCYCRIPACIAGEKKYGTCIYQGKLWAFCC	CCCEECCCCCCCCCCCCEEEECCEEEEECC	30
2pm5	DCYCRIPACIAGEAAYGTCIYQGALWAFCC	CCCEECCCCCCCCCCCHHHHHHHHHHHCCC	30
2po8	CPKILKKCRRDSDCPGACICRGNGYCGSGSDGGV	CCHHHHHHCCCCCCCCEEEECCCCCCCCCCCCCC	34
2pv6	ELDKWASLWNWFNITNWLWYIK	CCCCHHHHHHHHHHHHHHHHHH	22
2v9b	KSCCPNTTGRDIYNTCRLGGGSRERCASLSGCKIISASTCPSDYPK	CCCCCCCCCCCEEEEECCCCCCHHHHHHCCCCEEECCCCCCCCCCC	46
3c8p	KSCCPSTTGRNIYNTCRLTGSSRETCAKLSGCKIISASTCPSNYPK	CCCCCCCCCHHEEEEECCCCCCHHHHHCCCCCEEECCCCCCCCCCC	46
3e4h	CGETCTLGTCYTAGCSCSWPVCTRNGVPI	CCCCCECCCCCCCCCCCCCCCCCCCCCCC	29
3h6c	ACYCRIPACIAGERRYGTCIYAGRLWAFCC	CCCCCCCCCCCCCCCCCHHHHHHHHHHCCC	30
3hj2	CGGACYCRIPACIAGERRYGTCIYQGRLWAFCC	CCCCEEEECCCCCCCCCCCCEEEECCCHHECCC	33
3lo1	ACYCRIPACIAGERRAGTCIYQGRLWAFCC	CCCCCCCCCCCCCCCCCEEEECCHEEECCC	30
3lo2	ACYCRIPACIAGERRYGTCIAQGRLWAFCC	CCCCCCCCCCCCCCCCCHHHHCCCHEECCC	30
3lo4	ACYCRIPACIAGERRYGTCIYQGALWAFCC	CCCCCCCCCCCCCCCCCHEHHHHHHHHCCC	30
3loe	ACYCRIPACIAGERRYGTCIYQGRLWAACC	CCCCCCCCCCCCCCCCCEEEECCHHHHCCC	30
3lvx	ACYCRAPACIAGERRYGTCIYQGRLWAFCC	CCCCCCCCCCCCCCCCCEEEECCCEEECCC	30
3ngg	KDRPKKPGLCPPRPQKPCVKECKNDDSCPGQQKCCNYGCKDECRDPIFVG	CCCCCCCCCCCCCCCCCCCCCCCCCCCCCCCCCCCCCCCCEEECCCCCCC	50
3psm	KTCENLADTFRGPCFTDGSCDDHCKNKEHLIKGRCRDDFRCWCTRNC	CCCHHCCCCCCCCCCCCCCCCCCCCHCCCCEEEECCCCCCEEECCCC	47
4du0	ACYCRIPACIAGERRYATCIYQGRLWAFCC	CCCCCCCCCCCCCCCCHEEEECCCEEECCC	30
4lb1	ACYCRIPACIAGERRAGTCIYQGRLWAACC	CCCCCCCCCCCCCCCCCEEEECCHHHHCCC	30
4lb7	ACYCRIPACIAGERRAGTCAYQGRAWAACC	CCCCCCCCCCCCCCCCCHHHHHHHHHHCCC	30
4lbb	ACYCRIPACIAGERRYGTCAYQGRLWAFCC	CCCCCCCCCCCCCCCCCEEEECCHEEECCC	30
4lbf	ACYCRIPACIAGERRYGTCAYQGRAWAFCC	CCCCCCCCCCCCCCCCCEEEECCCEEEECC	30
4ozk	ACQCPDAISGWTHTDYQCHGLENKMYRHVYAICMNGTQVYCRTEWGSSC	CCCCCCCCCCCCCCCCEECCCCCCEEEEEEEEECCCCEEEEEECCCCCC	49
4ttn	GLPVCAETCVGGTCNTPGCTCSWPVCTRNG	CCCCCCCCCCCCCCCCCCCEEEEEEECCCC	30
4tto	GLPVCGETCVGGTCNTPGCTCSWPACTRNG	CCCCCCCCEECCCCCCCCCEEEEEEECCCC	30
5cgo	GIGKFLHAAKKFGKAFVAEIMNS	CCHHHHHHHHHHHHHHHHHHHHC	23
5gwg	LRVRRTLQCSCRRVCRNTCSCIRLSRSTYAS	CCCHHHHHHHHHHHHCCCCCEEEECCCCCCC	31
5h2s	FIHHIIGGLFSAGKAIHRLIRRRRR	CHHHHHHHHHHCHHHHHHHHHHHHC	25
5j6t	IFGAIWPLALGALKNLIK	CCHCHHHHHHHHHHHHHC	18
5j6v	DIFGAIWPLALGALKNLIK	CCCCHHHHHHHHHHHHHHC	19
5j6w	KIFGAIWPLALGALKNLIK	CCHHHHHHHHHHHHHHHHC	19
5khb	MGIIAGIIKVIKSLIEQFTGK	CHHHHHHHHHHHHHHHHHCCC	21
5lcs	QPFIPRPIDTCRLRNGICFPGICRRPYYWIGTCNNGIGSCCARGWRS	CCCCCCCCCCHHHCCCCECCCCCCCCCEEEEECCCCCCHHHHCCCCC	47
5lm0	ADDRCYRMCQRYHDRREKKQCKEGCRYG	CCCHHHHHHHHHHHHHHHHHHHHCCCCC	28
5m9u	RWCVYAYRRVRGVLVRYRRCW	CCEEEEEEEEEEEEEEEEECC	21
5nce	RMCKTPSGKFKGYCVNNTNCKNVCRTEGFPTGSCDFHVAGRKCYCYKPCP	CCCCCCCCCEEEEEECCCCHHHHHHCCCCCCCEEEECCCCEEEEECCCCC	50
5ujr	WGWKEVVQNGQTIFSAGQKLGNMVGKIVPLPFG	CCCHHHHHCCCHHHHHHHHHHHHHHHEECCCCC	33
5ukz	KYYGNGVTCGKHSCSVDWGKATTCIINNGALAWATGGHQGNHKC	CCCCCCEECCCCCEEEEHHHHHHHHHHHHHHHHCCCCCCCCCCC	44
5v0y	GFCWYVCVYRNGVRVCYRRCN	CCEEEEEEECCCEEEEEEECC	21
5v11	GFCWYVCARRNGARVCYRRCN	CCEEEEEECCCCCEEEEEECC	21
5wov	GGVCPKILQRCRRDSDCPGACICRGNGYCGSGSD	CCCHHHHHHHHHCCCCCCCEEEECCCCCCCCCCC	34
5wow	GGVCPKILQRCRRDSDCPGACICRGNGYCGYPYDVPDYA	CCCHHHHHHHHCCCCCCCCEEEECCCCCCCCCCCCCCCC	39
5x3l	GLGSVFGRLARILGRVIPKV	CCHHHHHHHHHHHHHHCCCC	20
5xa6	GFGCPFNQGKCHRHCRSIRRRGGYCDGFLKQRCVCYRK	CCCCCCCCCHHHHHHHHHCCCCCCCCCCEEEEEEECCC	38
5xol	GSKKPVPIIYCNAATGKCQRM	CCCCCEEEEEECCCCCCEEEC	21
5y0h	GFAWNVCVYRNGVRVCHRRAN	CCCEEEEEECCCCEEEEECCC	21
5y0i	GFCWNVCVYRNGVRVCHRRCN	CCEEEEEEECCCEEEEEEECC	21
5y0j	AFCWNVCVYRNAVRVCHRRCN	CCCCCEEEECCCEEEEHEECC	21
5z1y	NLCASLRARHTIPQCRKFGRR	CCHHHHHHCCCCHHHHHHCCC	21
5zv6	AGECVRGRCPGGLCCSKFGFCGSGPAYCGG	CCCEECCCCCCCCCCCCCCCCCCCCCCCCC	30
6b55	ARECKTESNTFPGICITKPPCRKACISEKFTDGHCSKILRRCLCTKPC	CCCCCCCCCCCCEEEECCCCCHHHECCCCCCCCEEEEEEEEEECCCCC	48
6b9w	GSACQFWSCNSSCISRGYRQGYCWGIQYKYCQCQ	CCCCCEEECCCCCCCCCCCCCCCEEEEEEEEECC	34
6bam	GSACQFWSCNSSCISRGYRQGKCWGIQYKYCQCQ	CCCCCEEECCCCCECCCCCCCCEEEEEEEEECCC	34
6bb6	GMACQFWSCNSSCISRGYRQGKCWGIQYKYCQCY	CCCEEEECCCCCCCCCCCCCCCEEEEEEEEEECC	34
6bi5	GMACQFWSCNSSCISRGYRQGKCWGKYCQCY	CCCEEEECCCCCCCCCCCCCCCCCCCCCCCC	31
6c41	VFQFLGKIIHHVGNFVHGFSHVF	CHHHHHHHHHHHHHHHHCCCEEE	23
6cl3	IWLTALKFLGKNLGKLAKQQLAKL	CHHHHHHHHHCHHHHHHHHHHHHC	24
6dhr	GLPICGETCLLGKCYTPGCSCRRPVCYKN	CCCCCCCCEECCCCCCCCCEEEEEEECCC	29
6dmm	VCSCRLVFCRRTELRVGNCLIGAVSFTYCCTRV	CCEEEEEECCCCCCCCCHHHHCCCCHHHHHCCC	33
6dmq	VCSCRLVFCRRTELRVGNCLIGGVSFAYCCTRV	CCEEEEEECCCCCCCCCHHEECCCCHHHHCCCC	33
6dmz	RTCQSQSHRFRGPCLRRSNCANVCRTEGFPGGRCRGFRRRCFCTTHC	CCCCCCCCCCCEEEEECCCCHHHHCCCCCCCCEEEEECCCEECCCCC	47
6dst	GIGAVLKVLTTGLPALISWIKRKRQQ	CCHHHHHHHHCCCHHHHHHHHHHHCC	26
6duu	FLPIIINLKALAALAKKIL	CHHHHHHHHHHHHHHHHHC	19
6e3y	ACDTATCVTHRLAGLLSRSGGVVKNNFVPTNVGSKAF	CCCCCHHHHHHHHHHHHHHHCCCCCCCCCCCCCCCCC	37
6fs4	TKLTEEEKNRLNFLKKISQRYQKFALPQYLK	CCCCCHHHHHHHHHHHHHHHHHHHCCCCCCC	31
6hz2	GIGGKILSGLKTALKGAAKELASTYLH	CCCCHHHHHHHHHHHHHHHHHHHHHHC	27
6k50	GFGCNGPWNEDDLRCHNHCKSIKGYKGGYCAKGGFVCKCY	CCCCCCCCCCCCCCHHHHCCCCCCCCCCCCCCCCCEEEEC	40
6k51	GFGCNGPWQEDDLKCHNHCKSIKGYKGGYCAKGGFVCKCY	CCCCCCCCCCCCCHHHHHCCCCCCCCCCCCCCCCCEEEEC	40
6kra	RRTCRCRFGRCFRRESYSGSCNINGRIFSLCCR	CCCCEEECCCHHCCCCCCCEEEECCEEEEECCC	33
6lwy	ACQCPDAISGWTHTDYQCHGLEKKMYRHVYAICMNGSQVYCRTEWGSSC	CCCCCCCCCCCCCCCCEECCCCCCEEEEEEEEECCCCEEEEEECCCCCC	49
6mry	ARQCKAESNTFTGICIAKPPCRQACIREKFTDGHCSKVLRRCLCTKRC	CCCCCCCCCCEEEEEECCCCCHHHECCCCCCCCEEEEEECCEECCCCC	48
6nom	KTCENLSGTFKGPCIPDGNCNKHCRNNEHLLSGRCRDDFRCWCTNRC	CHHHHHHCCCCCCCCCCCCCCCCCCCCCCCEEEEECCCCCEEECCCC	47
6o8j	AGKETIRQYLKNEIKKKGRKAVIAW	CCHHHHHHHHHHHHHHHCCEEEEEE	25
6o8p	AGKEKIRKKLKNEIKKKGRKAVIAW	CCHHHHHHHHHHHHHHHCCEEEEEE	25
6o8r	AWKEKIRKKLKNEIKKKGRKAVIAW	CCHHHHHHHHHHHHHHHCCEEEEEE	25
6o8s	AGKEKIRKKLKNEIKKKWRKAVIAW	CCHHHHHHHHHHHHHHHHHHHEEEE	25
6o8t	AWKEKIRKKLKNEIKKKWRKAVIAW	CCHHHHHHHHHHHHHHHHHHHEEEE	25
6r2x	FETLRGDERILSILRHQNLLKELQD	CCCCCCCHHHHHHHHHHHHHHHHHH	25
6rsf	GWGSFFRRAAHVGRHVGRAALTHYL	CCCHHHHHHHHHHHHHHHHHHHHHC	25
6rsg	GWGSFFKKAAHAGKHAGKAALTHYL	CCCCHHHHHHHHCCHHCHHHHHHHC	25
6ry9	GRRKRKWLRRIGKGVKIIGGAALDHL	CCCHHHHHHHHHCCCEEECCCCHHCC	26
6ryq	WLRRIGKGVKIIGGAALDHL	CCHHHHCCCEEECCCCCCCC	20
6rz1	FLGALIKGAIHGGRFIHGMIQNHH	CCHHHHHHCCCCCCEEEEEECCCC	24
6rzc	GWGSIFKHGRHAAKHIGHAAVNHYL	CCCCHHHCCCHHHHHHHHHHHHHCC	25
6s2d	GKGRWLERIGKAGFIIIGGALDHL	CCCHHHHHHHCCCEEEEECCCCCC	24
6vpn	KTCENLADTYKGPCFTTGSCDDHCKNKEHLRSGRCRDDFRCWCTKNC	CCCHHCCCCCCCCCCCCCCCCCCCCHCCCCCCCECCCCCCEEECCCC	47
6wpo	GIGDILKNLAKAAGKAALHAVGESL	CHHHHHHHHHHHHHHHHHHHHHCCC	25
7c2p	RTCESQSHKFKGPCLRASNCANVCKTEGFHGGKCRGFRRRCFCTKHC	CCCCCCCCCEEEEEECCCCCHHHHCCCCCCCCEEECCCCCEECCCCC	47
7c31	RVCESQSHKFEGACMGDHNCALVCRNEGFSGGKCKGLRRRCFCTKLC	CCCCCCCCCCEEEEECCCCCHHHHCCCCCCCCEEECCCCEEEECCCC	47
7k7x	GLPVCGETCVGGTCNTPGCVCSWPVCTRN	CCCCCCCCEECCCCCCCCCEEEEEEECCC	29
7kpd	AIPCGESCVYIPCISVVIGCSCRNKVCYR	CCCCCCCEEEEEEHHHHHCCCCCCCECCC	29
7ns1	MITISTMLQFGLFLIALIGLVIKLIELSNKK	CHHHHHHHHHHHHHHHHHHHHHHHHHCCCCC	31
