6c41	VFQFLGKIIHHVGNFVHGFSHVFGGGGGGG	CHHHHHHHHHHHHHHHHCCCEEECCCCCCC	
2nz3	ATCDLASIFNVNHALCAAHCIARRYRGGYCNSKAVCVCRN	CCCCCCCCCCCCCCHHHHHHHHHCCCCCCECCCCEEECCC	
2m8v	ADRGWIKTLTKDCPNVISSICAGTIITACKNCA	CCCCHHHHHHHCHHHHHHHHHHHHHHHHHCCCC	
2lg5	LFCKGGSCHFGGCPSHLIKVGSCFGFRSCCKWPWNA	CEECCCCEECCCCCCEEEECCCCCCCCCCCCCCCCC	
2ojo	FFHHIFRAIVHVAKTIHRLVTGGGGGGGGG	CHHHHHHHHHHHHHHHHHHECCCCCCCCCC	
2lr7	RKCNFLCKLKEKLRTVITSHIDKVLRPQGG	CCCCCHHHHHHHHHHHHHHHHHHHCCCCCC	
1zrx	RGFRKHFNKLVKKVKHTISETAHVAKDTAVIAGSGAAVVAAT	CCHHHHHHHHHHHHHHHHHHHHHHCCCCEEEECCCCEEEECC	
6mry	ARQCKAESNTFTGICIAKPPCRQACIREKFTDGHCSKVLRRCLCTKRC	CCCCCCCCCCEEEEEECCCCCHHHECCCCCCCCEEEEEECCEECCCCC	
1p5k	AKKVFKRLEKSFSKIQNDKGGGGGGGGGGG	CHHHHHHHHHHHHHHHCCCCCCCCCCCCCC	
5j6t	IFGAIWPLALGALKNLIKGGGGGGGGGGGG	CCHCHHHHHHHHHHHHHCCCCCCCCCCCCC	
1p0o	AKKVFKRLEKLFSKIWNWKGGGGGGGGGGG	CHHHHHHHHHHHHHHHCCCCCCCCCCCCCC	
2l36	GIGKALKKAKKGIGAVLKVLTTGLGGGGGG	CCHHHHHHHHCCHHHHHHHHHCCCCCCCCC	
1p0g	AKKVFKRLEKLFSKIQNDKGGGGGGGGGGG	CHHHHHHHHHHHHHHHCCCCCCCCCCCCCC	
2mn1	GLPVCGETCVGGTCNTPGCTCSWWPVCTRN	CCCCCCCCCECCCCCCCCCCCCCCCCCCCC	
6dst	GIGAVLKVLTTGLPALISWIKRKRQQGGGG	CCHHHHHHHHCCCHHHHHHHHHHHCCCCCC	
3h6c	ACYCRIPACIAGERRYGTCIYAGRLWAFCC	CCCCCCCCCCCCCCCCCHHHHHHHHHHCCC	
1vb8	CAESCVWIPCTVTALLGCSCSNKVCYNGIP	CCCCEEEEEEEEHHHHCCCCCCCCCCCCCC	
2b68	GFGCPGNQLKCNNHCKSISCRAGYCDAATLWLRCTCTDCNGKK	CCCCCCCCCCHHHHHHHCCCCCCCCCCEEEEEEEEECCCCCCC	
1ti5	RTCMIKKEGWGKCLIDTTCAHSCKNRGYIGGNCKGMTRTCYCLVNC	CCCCCCCCCCCEEEECCCCHHHHHCCCCCCCEEEEEEEEEECCCCC	
1q3j	CIKNGNGCQPNGSQGNCCSGYCHKQPGWVAGYCRRK	CCCCCCCCCCCCCCCCCCCCCCCCCCCCEEEECCCC	
4tto	GLPVCGETCVGGTCNTPGCTCSWPACTRNG	CCCCCCCCEECCCCCCCCCEEEEEEECCCC	
6rsf	GWGSFFRRAAHVGRHVGRAALTHYLGGGGG	CCCHHHHHHHHHHHHHHHHHHHHHCCCCCC	
3hj2	CGGACYCRIPACIAGERRYGTCIYQGRLWAFCC	CCCCEEEECCCCCCCCCCCCEEEECCCHHECCC	
2nlc	DHYNCVSAGGQCLYSACPIFTKIQGTCYRGKAKCCK	CCEEEECCCCEEEEECCCCCCEEEEEECCCCCCCCC	
6cl3	IWLTALKFLGKNLGKLAKQQLAKLGGGGGG	CHHHHHHHHHCHHHHHHHHHHHHCCCCCCC	
6s2d	GKGRWLERIGKAGFIIIGGALDHLGGGGGG	CCCHHHHHHHCCCEEEEECCCCCCCCCCCC	
2ljt	KYYGNGVHLTKSGLSVNWGEAFSAGVHRLANGGNGFW	CCCCCCEEECCCCCEECCCCHHHHHHHHHHCCCCCCC	
6rsg	GWGSFFKKAAHAGKHAGKAALTHYLGGGGG	CCCCHHHHHHHHCCHHCHHHHHHHCCCCCC	
6b55	ARECKTESNTFPGICITKPPCRKACISEKFTDGHCSKILRRCLCTKPC	CCCCCCCCCCCCEEEECCCCCHHHECCCCCCCCEEEEEEEEEECCCCC	
2ljq	KYYGNGVHSTKSGSSVNWGEAFSAGVHRLANGGNGFW	CCCCCCEECCCCCCCECCCCHHHHHHHHHHCCCCCCC	
5h2s	FIHHIIGGLFSAGKAIHRLIRRRRRGGGGG	CHHHHHHHHHHCHHHHHHHHHHHHCCCCCC	
2kux	GTPCGESCVYIPCISGVIGCSCTDKVCYLN	CCCCCCCEEEEEEHHHHCCCCCCCCEECCC	
2e3g	ATCDLASKWNWNHTLCAAHCIARRYRGGYCNSKAVCVCRN	CCCCCCCCCCCCCCHHHHHHHHHCCCCCCECCCCEEECCC	
2kj7	KCNTATCATQRLANFLVRSSNNLGPVLPPTNVGSNTY	CCCCHHHHHHHHHHHHHHCCCCCCCCCCCCCCCCCCC	
2n92	SWLSKTAKKLENSAKKRISEGIAIAIQGGPR	CCCCHHHHHHHHHHHHHHHHHHHEEECCCCC	
1dfn	DCYCRIPACIAGERRYGTCIYQGRLWAFCC	CCCEECCCCCCCCCCCCEEEECCCHHECCC	
2k98	GIGKFLKKAKKGIGAVLKVLTTGLGGGGGG	CCHHHHHHHHCCHHHHHHHHHCCCCCCCCC	
2ojn	FFHHIFRPIVHVGKTIHRLVTGGGGGGGGG	CCCHHHHHHHHHCHHHHHHHCCCCCCCCCC	
3lvx	ACYCRAPACIAGERRYGTCIYQGRLWAFCC	CCCCCCCCCCCCCCCCCEEEECCCEEECCC	
1f8p	YPSKPDNPGEDAPAEDLARYYSALRHYINLITRQRY	CCCCCCCCCCCCCHHHHHHHHHHHHHHHHHCCCCCC	
2mbd	GLPRKILCAIAKKKGKCKGPLKLVCKCGGG	CCCHHHHHHHHHCCCCCCCCEEEEEECCCC	
1myn	DCLSGRYKGPCAVWDNETCRRVCKEEGRSSGHCSPSLKCWCEGC	CCCCCCCCCCEEEECCCHHHHHHHHCCCCCCCCCCCCEEEECCC	
2k10	GILSSFKGVAKGVAKDLAGKLLETLKCKITGC	CCCHHHHHHHHHHHHHHHHHHHHHHHCCCCCC	
5j6v	DIFGAIWPLALGALKNLIKGGGGGGGGGGG	CCCCHHHHHHHHHHHHHHCCCCCCCCCCCC	
1l4v	ATCDLLSGTGINHSACAAHCLLRGNRGGYCNGKAVCVCRN	CCCCCCCCCCCCCCHHHHHHHHHCCCCCCECCCCEEECCC	
6e3y	ACDTATCVTHRLAGLLSRSGGVVKNNFVPTNVGSKAF	CCCCCHHHHHHHHHHHHHHHCCCCCCCCCCCCCCCCC	
4lbb	ACYCRIPACIAGERRYGTCAYQGRLWAFCC	CCCCCCCCCCCCCCCCCEEEECCHEEECCC	
4du0	ACYCRIPACIAGERRYATCIYQGRLWAFCC	CCCCCCCCCCCCCCCCHEEEECCCEEECCC	
5z1y	NLCASLRARHTIPQCRKFGRRGGGGGGGGG	CCHHHHHHCCCCHHHHHHCCCCCCCCCCCC	
2mdl	TCHIRRKPKFRKFKLYHEGKFWCPGGGGGG	CCEEEECCCEEEEEEEEECCEECCCCCCCC	
6k51	GFGCNGPWQEDDLKCHNHCKSIKGYKGGYCAKGGFVCKCY	CCCCCCCCCCCCCHHHHHCCCCCCCCCCCCCCCCCEEEEC	
1ica	ATCDLLSGTGINHSACAAHCLLRGNRGGYCNGKGVCVCRN	CCCCCCCCCCCCCCHHHHHHHHHCCCCCCECCCCEEECCC	
1s6w	GCRFCCNCCPNMSGCGVCCRFGGGGGGGGG	CCEECCCCCCCCCCCEEEEEECCCCCCCCC	
2l5r	GLKEIFKAGLGSLVKGIAAHVASGGGGGGG	CHHHHHHHHHCHHHHHHHHHHCCCCCCCCC	
2nld	DHYNCVSSGGACLYSACPIFTKIQGTCYRGKAKCCK	CCEEEECCCCEEEECCCCCCCCEEEECCCCCCCCCC	
7k7x	GLPVCGETCVGGTCNTPGCVCSWPVCTRNG	CCCCCCCCEECCCCCCCCCEEEEEEECCCC	
2nlh	DHYNCVSSGGQCLYSACPIFTKIAGTCYRGKAKCCK	CCEEEECCCCEEEEECCCCCCEEEEEECCCCCCCCC	
2pco	SMWSGMWRRKLKKLRNALKKKLKGEKGGGG	CCCHHHHHHHHHHHHHHHHHHHHCCCCCCC	
1ron	YPSKPDNPGEDAPAEDMARYYSALRHYINLITRQRY	CCCCCCCCCCCCCHHHHHHHHHHHHHHHHHCCCCCC	
2ncx	GLNALKKVFQGIHEAIKLINNHVQGGGGGG	CCHHHHHHHHHHHHHHHHHHHHCCCCCCCC	
2mhw	GIGGVLLSAGKAALKGLAKVLAEKYANGGG	CCCHHHHHHHHHHHHHHHHHHHHHHCCCCC	
2g9l	GILDTLKQFAKGVGKDLVKGAAQGVLSTVSCKLAKTC	CCHHHHHHHHHHHHHHHHHHHHHHHHHHHHHHHCCCC	
6k50	GFGCNGPWNEDDLRCHNHCKSIKGYKGGYCAKGGFVCKCY	CCCCCCCCCCCCCCHHHHCCCCCCCCCCCCCCCCCEEEEC	
1dkc	AGCIKNGGRCNASAGPPYCCSSYCFQIAGQSYGVCKNR	CCCCCCCCCCCCCCCCCCCCCCCEEECCCCCCCEECCC	
2ket	GRFKRFRKKFKKLFKKLSPVIPLLHLGGGG	CCCHHHHHHHHHHHHHCCCHHHHHHCCCCC	
2lg6	LFCKGGSCHFGGCPSHLIKVGSCFGFRSCCAWPWNA	CEECCCCEEECCCCCEEEEECCCCCCCCCCCCCCCC	
2lsa	GIGKFLHSAKKFGKAFVGEIMNSGGGGGGG	CCHHHHHHHHHHHHHHHHHHHHCCCCCCCC	
6hz2	GIGGKILSGLKTALKGAAKELASTYLHGGG	CCCCHHHHHHHHHHHHHHHHHHHHHHCCCC	
2ny8	ATCDLASGFGVGSSLCAAHCIARRYRGGYCNSKAVCVCRN	CCCCCCCCCCCCCCHHHHHHHHHCCCCCCECCCCEEECCC	
2ls9	GWGSFFKKAAHVGKHVGKAALTHYLGGGGG	CCCCHHHHHHHHHHHHHHHHHHHHCCCCCC	
2lld	ATCDLLSGTGVKHSACAAHCLLRGNRGGYCNGRAICVCRN	CCCCCCCCCCCCCCHHHHHHHHHCCCCCCECCCCEEECCC	
5j6w	KIFGAIWPLALGALKNLIKGGGGGGGGGGG	CCHHHHHHHHHHHHHHHHCCCCCCCCCCCC	
2l3i	GIRCPKSWKCKAFKQRVLKRLLAMLRQHAF	CCCCCCCCCCHHHHHHHHHHHHHHHHHCCC	
6ryq	WLRRIGKGVKIIGGAALDHLGGGGGGGGGG	CCHHHHCCCEEECCCCCCCCCCCCCCCCCC	
2lt8	GFGCPGDAYQCSEHCRALGGGRTGGYCAGPWYLGHPTCTCSF	CCCCCCCCCCCHHHHHHCCCCCCCCCCCCCCCCCCCCCCCCC	
1icy	YPSKPDNPGEDAPAEDLARYYSALRHYINLAPRQRY	CCCCCCCCCCCCCHHHHHHHHHHHHHHHHCCCCCCC	
5cgo	GIGKFLHAAKKFGKAFVAEIMNSGGGGGGG	CCHHHHHHHHHHHHHHHHHHHHCCCCCCCC	
5ujr	WGWKEVVQNGQTIFSAGQKLGNMVGKIVPLPFG	CCCHHHHHCCCHHHHHHHHHHHHHHHEECCCCC	
2jsb	RWCVYAYVRVRGVLVRYRRCWGGGGGGGGG	CCEEEEEEEEEEEEEEEEECCCCCCCCCCC	
5m9u	RWCVYAYRRVRGVLVRYRRCWGGGGGGGGG	CCEEEEEEEEEEEEEEEEECCCCCCCCCCC	
1dum	GIGKYLHSAKKFGKAWVGEIMNSGGGGGGG	CCHHHHHHHHHHHHHHHHHHHCCCCCCCCC	
5xa6	GFGCPFNQGKCHRHCRSIRRRGGYCDGFLKQRCVCYRK	CCCCCCCCCHHHHHHHHHCCCCCCCCCCEEEEEEECCC	
1tz4	YPSKPDNPGEDAPAEDLAQYAADLRHYINLITRQRY	CCCCCCCCCCCCCHHHHHHHHHHHHHHHHHCCCCCC	
2nlp	DHYNCVSSGGQCLYSACPIFTKIEGTCYRGKAKCCK	CCEEEECCCCEEEECCCCCCCCEEEEECCCCCCCCC	
1lyp	GLRKRLRKFRNKIKEKLKKIGQKIQGLLPKLA	CCHHHHHHHHHHHHHHHHHHHHHHHHHHCCCC	
6ry9	GRRKRKWLRRIGKGVKIIGGAALDHLGGGG	CCCHHHHHHHHHCCCEEECCCCHHCCCCCC	
6rzc	GWGSIFKHGRHAAKHIGHAAVNHYLGGGGG	CCCCHHHCCCHHHHHHHHHHHHHCCCCCCC	
2nlb	DHYACVSSGGQCLYSACPIFTKIQGTCYRGKAKCCK	CCEEEECCCCEEEEECCCCCCEEEEEECCCCCCCCC	
2g9p	GLFGKLIKKFGRKAISYAVKKARGKHGGGG	CCHHHHHHHHHHHHHHHHHHHHCCCCCCCC	
7kpd	AIPCGESCVYIPCISVVIGCSCRNKVCYRG	CCCCCCCEEEEEEHHHHHCCCCCCCECCCC	
1p0l	AKKVFKRLEKLFSKIWNDKGGGGGGGGGGG	CHHHHHHHHHHHHHHHCCCCCCCCCCCCCC	
6rz1	FLGALIKGAIHGGRFIHGMIQNHHGGGGGG	CCHHHHHHCCCCCCEEEEEECCCCCCCCCC	
2mwt	KRFKKFFKKVKKSVKKRLKKIFKKPMVIGVTIPF	CCHHHHHHHHHHHHHHHHHHHHHCCCEEEEECCC	
5gwg	LRVRRTLQCSCRRVCRNTCSCIRLSRSTYAS	CCCHHHHHHHHHHHHCCCCCEEEECCCCCCC	
2mag	GIGKFLHSAKKFGKAFVGEIMNSGGGGGGG	CCHHHHHHHHHHHHHHHHHHHHCCCCCCCC	
1fvn	YPSKPDNPGEDAPAEDLARYYSALRHYINLAARQRY	CCCCCCCCCCCCCHHHHHHHHHHHHHHHHHCCCCCC	
1z64	GWGSFFKKAAHVGKHVGKAALTHYLGGGGG	CCCCHHHHHHHHHHHHHHHHHHHHCCCCCC	
6fs4	TKLTEEEKNRLNFLKKISQRYQKFALPQYLK	CCCCCHHHHHHHHHHHHHHHHHHHCCCCCCC	
2ncy	GLNALKKVFQPIHEAIKLINNHVQGGGGGG	CCHHHHHHHHHHHHHHHHHHHHCCCCCCCC	
1p5l	AKKVSKRLEKLFSKIQNDKGGGGGGGGGGG	CCHHHHHHHHHHHHHHCCCCCCCCCCCCCC	
6duu	FLPIIINLKALAALAKKILGGGGGGGGGGG	CHHHHHHHHHHHHHHHHHCCCCCCCCCCCC	
2mmm	GGLKKLGKKLEGAGKRVFKASEKALPVVVGIKAIGK	CCHHHHHHHHHHHHHHHHHHHHCCCCHHHHHHHHCC	
2pm1	ACYCRIPACIAGEAAYGTCIYQGALWAFCC	CCCCCCCCCCCCCCCCHHHHHHHHHHHCCC	
1avf	AVVKVPLKKFKSIRETMKEKGLLGEFGGGG	CCEEEECCCCHHHHHHHHHHHHHHHCCCCC	
5x3l	GLGSVFGRLARILGRVIPKVGGGGGGGGGG	CCHHHHHHHHHHHHHHCCCCCCCCCCCCCC	
2b5k	RRWCFRVCYRGRFCYRKCRGGGGGGGGGGG	CCEEEEEEECCCEEEEECCCCCCCCCCCCC	
6dmm	VCSCRLVFCRRTELRVGNCLIGAVSFTYCCTRV	CCEEEEEECCCCCCCCCHHHHCCCCHHHHHCCC	
2lnq	DAEFRHDSGYEVHHQKLVFFAENVGSNKGAIIGLMVGGVV	CCCCCCCCCCHHHHHEEEEECCCCCCCCCEEEEEECCCCC	
4lb1	ACYCRIPACIAGERRAGTCIYQGRLWAACC	CCCCCCCCCCCCCCCCCEEEECCHHHHCCC	
4ttn	GLPVCAETCVGGTCNTPGCTCSWPVCTRNG	CCCCCCCCCCCCCCCCCCCEEEEEEECCCC	
6o8j	AGKETIRQYLKNEIKKKGRKAVIAWGGGGG	CCHHHHHHHHHHHHHHHCCEEEEEECCCCC	
2mvx	DAEFRHDSGYEVHHQKLVFFADVGSNKGAIIGLMVGGVV	CCCCCCCCCCEEEEEEEEEECCCCCCCCEEEEEECCCCC	
1zmm	VCSCRLVFCRRTELRVGNCLIGGVSFTYCCTRV	CCEEEEEECCCCCCCCCHHEECCCCHHHHCCCC	
7c31	RVCESQSHKFEGACMGDHNCALVCRNEGFSGGKCKGLRRRCFCTKLC	CCCCCCCCCCEEEEECCCCCHHHHCCCCCCCCEEECCCCEEEECCCC	
1fry	RGLRRLGRKIAHGVKKYGPTVLRIIRIAGG	CCHHHHHHHHHHHHHHCCCEEEEEEEECCC	
2lj7	KTCENLSDSFKGPCIPDGNCNKHCKEKEHLLSGRCRDDFRCWCTRNC	CCCCCCCCCCCCEECCCCCCHHHHHCCCCCCCCEEECCCEEEECCCC	
5y0i	GFCWNVCVYRNGVRVCHRRCNGGGGGGGGG	CCEEEEEEECCCEEEEEEECCCCCCCCCCC	
6bam	GSACQFWSCNSSCISRGYRQGKCWGIQYKYCQCQ	CCCCCEEECCCCCECCCCCCCCEEEEEEEEECCC	
3lo2	ACYCRIPACIAGERRYGTCIAQGRLWAFCC	CCCCCCCCCCCCCCCCCHHHHCCCHEECCC	
1x22	GKIPVKAIKKAGAAIGKGLRAINIASTAHDVYSFFKPKHKKK	CCCCHHHHHHHHHHHHHHCHHHCCCCCHHHHHHHHHHHCCCC	
1mmc	VGECVRGRCPSGMCCSQFGYCGKGPKYCGR	CCCEECCCCCCCCCCCCCCCCCCCCCCCCC	
1p0a	DKLIGSCVWGAVNYTSNCNAECKRRGYKGGHCGSFLNVNCWCET	CCHHCHHCCCCCCCCCCCHHHHHHHCCCCCCCCCCECCCCCCCC	
2gdl	LVQRGRFGRFLRKIRRFRPKVTITIQGSARF	CCCCCHHHHHHHHHHHHCCEEEEEEECCCCC	
2oop	YPAKPEYPGEDASPEELSRYYASLRHYLNLVTRQRY	CCCCCCCCCCCCCHHHHHHHHHHHHHHHHCCCCCCC	
2df0	IKPEAPGEDASPEELNRYYASLRHYLNLVTRQRY	CCCCCCCCCCCHHHHHHHHHHHHHHHHHCCCCCC	
6o8r	AWKEKIRKKLKNEIKKKGRKAVIAWGGGGG	CCHHHHHHHHHHHHHHHCCEEEEEECCCCC	
2jq1	FLSLIPHAINAVSALANHGGGGGGGGGGGG	CCCCHHHHHHHHHHHHCCCCCCCCCCCCCC	
6bi5	GMACQFWSCNSSCISRGYRQGKCWGKYCQCY	CCCEEEECCCCCCCCCCCCCCCCCCCCCCCC	
1bk8	LCNERPSQTWSGNCGNTAHCDKQCQDWEKASHGACHKRENHWKCFCYFNC	CCCCCCCCCEEEEECCCCCCCHHHHHHHCCCCCEEEECCCCCEEEECCCC	
3psm	KTCENLADTFRGPCFTDGSCDDHCKNKEHLIKGRCRDDFRCWCTRNC	CCCHHCCCCCCCCCCCCCCCCCCCCHCCCCEEEECCCCCCEEECCCC	
6lwy	ACQCPDAISGWTHTDYQCHGLEKKMYRHVYAICMNGSQVYCRTEWGSSC	CCCCCCCCCCCCCCCCEECCCCCCEEEEEEEEECCCCEEEEEECCCCCC	
1ytr	KSSAYSLQMGATAIKQVKKLFKKWGWGGGG	CCCCCCHHCCHHHHHHHHHHHHHCCCCCCC	
1znt	VGECVRGRCPSGMCCSQFGFCGKGPKYCGR	CCCCHCCCCCCCCCCCCCCCCCCCCCCCCC	
6o8t	AWKEKIRKKLKNEIKKKWRKAVIAWGGGGG	CCHHHHHHHHHHHHHHHHHHHEEEECCCCC	
2dcv	YVSCLFRGARCRVYSGRSCCFGYYCRRDFPGSIFGTCSRRNF	CCEEEECCCCEEEECCCCCEEEEECCCCCCCCEEECCCCCCC	
1lfc	FKCRRWQWRMKKLGAPSITCVRRAFGGGGG	CCCCHHHHHHHHCCCCCEEEEEECCCCCCC	
2oon	YPAKPEAPGEDASAEELSRYYASLRHYLNLVTRQRY	CCCCCCCCCCCCCHHHHHHHHHHHHHHHHHCCCCCC	
4lbf	ACYCRIPACIAGERRYGTCAYQGRAWAFCC	CCCCCCCCCCCCCCCCCEEEECCCEEEECC	
5ukz	KYYGNGVTCGKHSCSVDWGKATTCIINNGALAWATGGHQGNHKC	CCCCCCEECCCCCEEEEHHHHHHHHHHHHHHHHCCCCCCCCCCC	
2mmj	GLFGVLAKVAGHVVGAIAEHFGGGGGGGGG	CHHHHHHHHHCHHHHHHHHHCCCCCCCCCC	
1orx	VCGETCVGGTCNTPGCTCSWPVCTGGGGGG	CCCCCCCCCCCCCCCCEEEEEEEECCCCCC	
2dez	YPIKPEAPGEDASPEELNRYYASLRHYLNLVTRQRY	CCCCCCCCCCCCCHHHHHHHHHHHHHHHHCCCCCCC	
5y0h	GFAWNVCVYRNGVRVCHRRANGGGGGGGGG	CCCEEEEEECCCCEEEEECCCCCCCCCCCC	
1zuv	VGECVRGRCPSGMCCSQWGYCGKGPKYCGR	CCCEECCCCCCCCCCCCCCCCCCCCCCCCC	
2amn	RVKRVWPLVIRTVIAGYNLYRAIKKKGGGG	CCCCHHHHHHHHHHCHHHHHHHHHHCCCCC	
6vpn	KTCENLADTYKGPCFTTGSCDDHCKNKEHLRSGRCRDDFRCWCTKNC	CCCHHCCCCCCCCCCCCCCCCCCCCHCCCCCCCECCCCCCEEECCCC	
6dmq	VCSCRLVFCRRTELRVGNCLIGGVSFAYCCTRV	CCEEEEEECCCCCCCCCHHEECCCCHHHHCCCC	
3lo4	ACYCRIPACIAGERRYGTCIYQGALWAFCC	CCCCCCCCCCCCCCCCCHEHHHHHHHHCCC	
4lb7	ACYCRIPACIAGERRAGTCAYQGRAWAACC	CCCCCCCCCCCCCCCCCHHHHHHHHHHCCC	
6dmz	RTCQSQSHRFRGPCLRRSNCANVCRTEGFPGGRCRGFRRRCFCTTHC	CCCCCCCCCCCEEEEECCCCHHHHCCCCCCCCEEEEECCCEECCCCC	
2k7g	GVPICGETCTLGTCYTAGCSCSWPVCTRN	CCCCCCCCEECCCCCCCCCEEECEEECCC	
2jq0	FLSLIPHAINAVSAIAKHNGGGGGGGGGGG	CCCCHHHHHHHHHHHHHCCCCCCCCCCCCC	
2lr5	GFGCPFNENECHAHCLSIGRKFGFCAGPLRATCTCGKQ	CCCCCCCCHHHHHHHHHHHCCCCCCCCCHHHHHHHCCC	
2na5	IKPEAPGEDASPEELNRYYASLRHYLNLVTRQRY	CCCCCCCCCCCHHHHHHHHHHHHHHHHHCCCCCC	
5lcs	QPFIPRPIDTCRLRNGICFPGICRRPYYWIGTCNNGIGSCCARGWRS	CCCCCCCCCCHHHCCCCECCCCCCCCCEEEEECCCCCCHHHHCCCCC	
2lr3	RTCESQSHKFKGPCASDHNCASVCQTERFSGGRCRGFRRRCFCTTHC	CCCCCCCCCEEEEEECCCCCHHHHCCCCCCCCEEEECCCCEECCCCC	
6o8s	AGKEKIRKKLKNEIKKKWRKAVIAWGGGGG	CCHHHHHHHHHHHHHHHHHHHEEEECCCCC	
2l2r	GSGRGSCRSQCMRRHEDEPWRVQECVSQCRRRRGGGD	CCCCHHHHHHHHHHCCCCCCHHHHHHHHHHHCCCCCC	
2k38	GFGALFKFLAKKVAKTVAKQAAKQGAKYVVNKQME	CHHHHHHHHHHHHHHHHHHHHHHHHHHHHHHCCCC	
6dhr	GLPICGETCLLGKCYTPGCSCRRPVCYKN	CCCCCCCCEECCCCCCCCCEEEEEEECCC	
2jr8	GKIPVKAIKQAGKVIGKGLRAINIAGTTHDVVSFFRPKKKKH	CCCCHHHHHHHHHHHHHHCHHCCCCCCHHHHHHHHHHHCCCC	
2la2	RWKIFKKIEKVGRNVRDGIIKAGPAVAVVGQAATVVK	CCCHHHHHHHHHHHHHHHHHCCCCHHHHHHHHHHHCC	
5zv6	AGECVRGRCPGGLCCSKFGFCGSGPAYCGG	CCCEECCCCCCCCCCCCCCCCCCCCCCCCC	
5xol	GSKKPVPIIYCNAATGKCQRMGGGGGGGGG	CCCCCEEEEEECCCCCCEEECCCCCCCCCC	
1cz6	RSVCRQIKICRRRGGCYYKCTNRPYGGGGG	CCHHHHHEEECCCCCCEEEECCCCCCCCCC	
2hfr	KRFWPLVPVAINTVAAGINLYKAIRRKGGG	CCCCCCEHHHHHHHHHCHHHHHHHHHCCCC	
1p00	DKLIGSCVWGAVNYTSNCRAECKRRGYKGGHCGSFANVNCWCET	CCHHHHHCCCCCCCCCCCHHHHHHHCCCCCCCCCCCCCCCCCCC	
2lxo	GIINTLQKYYCRVRGAICHPVFCPRRYKQIGTCGLPGTKCCKKP	CCHHHHHHHHHHHCCCCEEEECCCCCCCEEEEECCCCEEECCCC	
2ln4	VTCDVLSFEAKGIAVNHSACALHCIALRKKGGSCQNGVCVCRN	CCCCCCCCCCCCCCCCCCHHHHHHHHHCCCCCCCCCCEEECCC	
1ohm	KYYGNGVHCGKHSCTVDWGTAIGCIGNNAAANWATGGNAGWNKC	CCCCCCEECCCCCEEEECHHHHHHHHHHHHHHHCCCCCCCCCCC	
5khb	MGIIAGIIKVIKSLIEQFTGKGGGGGGGGG	CHHHHHHHHHHHHHHHHHCCCCCCCCCCCC	
2m9o	GLPVCGETCTLGTCYTQGCTCSWPICKRNG	CCCCCCCCEECCCCCCCCCEEEEEEECCCC	
1zwu	VGECVRGRCPSGMCCSQAGYCGKGPKYCGR	CCCHHCCCCCCCCCCCCCCCCCCCCCCCCC	
1i2u	DKLIGSCVWGAVNYTSDCNGECKRRGYKGGHCGSFANVNCWCET	CCHHHHHHCCCCCCCCCCHHHHHHHCCCCCCCCCCCCCCCCCCC	
5v0y	GFCWYVCVYRNGVRVCYRRCNGGGGGGGGG	CCEEEEEEECCCEEEEEEECCCCCCCCCCC	
1ozz	DKLIGSCVWGAVNYTSNCNAECKRRGYKGGHCGSFANVNCWCET	CCHHHHHHCCCCCCCCCCHHHHHHHCCCCCCCCCCCCCCCCCCC	
2l1q	MTPFWRGVSLRPIGASCRDDSECITRLCRKRRCSLSVAQE	CCCCHHHCCCCCCCCCCCCCCCHHHHHHCCCCCCCCCCCC	
3loe	ACYCRIPACIAGERRYGTCIYQGRLWAACC	CCCCCCCCCCCCCCCCCEEEECCHHHHCCC	
1cix	YSRCQLQGFNCVVRSYGLPTIPCCRGLTCRSYFPGSTYGRCQRY	CCCCEECCCCEEECCCCCCCCCCCCCCCCCCCCCCCCCCEECCC	
1kj6	GIINTLQKYYCRVRGGRCAVLSCLPKEEQIGKCSTRGRKCCRRKK	CCHHHHHHHHHHHCCCCEEEEECCCCCCCCCCCCCCCCCCCCCCC	
6bb6	GMACQFWSCNSSCISRGYRQGKCWGIQYKYCQCY	CCCEEEECCCCCCCCCCCCCCCEEEEEEEEEECC	
6b9w	GSACQFWSCNSSCISRGYRQGYCWGIQYKYCQCQ	CCCCCEEECCCCCCCCCCCCCCCEEEEEEEEECC	
2lam	GLPTCGETCTLGTCYVPDCSCSWPICMKNG	CCCCCCCCEECCCCCCCCCEEEEEEECCCC	
2pm5	DCYCRIPACIAGEAAYGTCIYQGALWAFCC	CCCEECCCCCCCCCCCHHHHHHHHHHHCCC	
4ozk	ACQCPDAISGWTHTDYQCHGLENKMYRHVYAICMNGTQVYCRTEWGSSC	CCCCCCCCCCCCCCCCEECCCCCCEEEEEEEEECCCCEEEEEECCCCCC	
7c2p	RTCESQSHKFKGPCLRASNCANVCKTEGFHGGKCRGFRRRCFCTKHC	CCCCCCCCCEEEEEECCCCCHHHHCCCCCCCCEEECCCCCEECCCCC	
5y0j	AFCWNVCVYRNAVRVCHRRCNGGGGGGGGG	CCCCCEEEECCCEEEEHEECCCCCCCCCCC	
6nom	KTCENLSGTFKGPCIPDGNCNKHCRNNEHLLSGRCRDDFRCWCTNRC	CHHHHHHCCCCCCCCCCCCCCCCCCCCCCCEEEEECCCCCEEECCCC	
6o8p	AGKEKIRKKLKNEIKKKGRKAVIAWGGGGG	CCHHHHHHHHHHHHHHHCCEEEEEECCCCC	
1lv4	SSMKLSFRARAYGFRGPGPQLGGGGGGGGG	CCCEEEECCCCCCCCCCCCCCCCCCCCCCC	
1e4q	PVTCLKSGAICHPVFCPRRYKQIGTCGLPGTKCCKKP	CCCCCCCCCCECCCCCCCCCCEEEECCCCCECCCCCC	
2gl1	KTCENLANTYRGPCFTTGSCDDHCKNKEHLRSGRCRDDFRCWCTRNC	CCCHHCCCCCCCCCCCCCCCCCCCCHCCCCCCCECCCCCCEEECCCC	
1i2v	DKLIGSCVWGAVNYTSDCNGECLLRGYKGGHCGSFANVNCWCET	CCHHHHHHCCCCCCCCCCHHHHHHHCCCCCCCCCCCCCCCCCCC	
1jkz	KTCEHLADTYRGVCFTNASCDDHCKNKAHLISGTCHNWKCFCTQNC	CCCHHCCCCCCCCCCCCCCCCCCCCCCCCCCCCCCCCEEEEECCCC	
5v11	GFCWYVCARRNGARVCYRRCNGGGGGGGGG	CCEEEEEECCCCCEEEEEECCCCCCCCCCC	
2dcw	YITCLFRGARCRVYSGRSCCFGYYCRRDFPGSIFGTCSRRNF	CEEEEECCCCEEEECCCCCEEEEECCCCCCCCEEECCCCCCC	
2pm4	DCYCRIPACIAGEKKYGTCIYQGKLWAFCC	CCCEECCCCCCCCCCCCEEEECCEEEEECC	
2jpy	FLSLIPHAINAVSTLVHHFGGGGGGGGGGG	CCCCHHHHHHHHHHHHHHCCCCCCCCCCCC	
3lo1	ACYCRIPACIAGERRAGTCIYQGRLWAFCC	CCCCCCCCCCCCCCCCCEEEECCHEEECCC	
3ngg	KDRPKKPGLCPPRPQKPCVKECKNDDSCPGQQKCCNYGCKDECRDPIFVG	CCCCCCCCCCCCCCCCCCCCCCCCCCCCCCCCCCCCCCCCEEECCCCCCC	
2l99	KKLKLALAKPALLWKALALKLKKAGGGGGG	CCCHHHHCCHHHHHHHHHHHHHHCCCCCCC	
2mij	GLGKAQCAALWLQCASGGTIGCGGGAVACQNYRQFCR	CCCCCCHHHEEEEECCCCCCCCCCCCEEECCHHHHCC	
2v9b	KSCCPNTTGRDIYNTCRLGGGSRERCASLSGCKIISASTCPSDYPK	CCCCCCCCCCCEEEEECCCCCCHHHHHHCCCCEEECCCCCCCCCCC	
1kv4	AKIPIKAIKTVGKAVGKGLRAINIASTANDVFNFLKPKKRKA	CCCCHHHHHHHHHHHHHHCHHHCCCCCHHHHHHHHHHHCCCC	
5wov	GGVCPKILQRCRRDSDCPGACICRGNGYCGSGSD	CCCHHHHHHHHHCCCCCCCEEEECCCCCCCCCCC	
1iyc	ELPKLPDDKVLIRSRSNCPKGKVWNGFDCKSPFAFS	CCCCCCCCCEEEECCCCCCCCCCCCCCCCCCCCCCC	
2l9a	KKLKLALAKLAPLWKALALKLKKAGGGGGG	CCHHHHHHHHHHHHHHHHHHHHHCCCCCCC	
1lu8	GCLEFWWKCNPNDDKCCRPKLKCSKLFKLCNFSF	CCCCEEECCCCCCCCCCCCCCECCHHHHHCCCCC	
1cw5	VNYGNGVSCSKTKCSVNWGQAFQERYTAGINSFVSGVASGAGSIGRRP	CCCCCCCCCCCCCEEECCCCHHHHHHHHHHHHHHHHHCCCCCCCCCCC	
2lmf	LLGDFFRKSKEKIGKEFKRIVQRGGGGGGG	CCCHHHHHHHHHHHHHHHHHHHCCCCCCCC	
2i2j	SGSLSTFFRLFNRSFTQALGKGGGGGGGGG	CCCHHHHHHHHHHHHHHHHCCCCCCCCCCC	
1tyk	GCLEFWWKCNPNDDKCCRPKLKCSKLFKLCNFSF	CCCCEEECCCCCCCCCCCCCCECCHHHHHCCCCC	
2it8	GVCPKILKKCRRDSDCPGACICRGNGYCGG	CCHHHHHHHHCCCCCCCCEEEECCCCCCCC	
5lm0	ADDRCYRMCQRYHDRREKKQCKEGCRYGGG	CCCHHHHHHHHHHHHHHHHHHHHCCCCCCC	
2l96	KKLKLAPAKLALLWKALALKLKKAGGGGGG	CCCCCCHHHHHHHHHHHHHHHHHCCCCCCC	
1bnb	APLSCGRNGGVCIPIRCPVPMRQIGTCFGRPVKCCRSW	CCCCCCCCCCEEEEEECCCCCHHHHHCCCCCCCCCCCC	
2nlg	DHYNCVSSGGQCLYSACPIFTEIQGTCYRGKAKCCK	CCEEEECCCCEEEECCCCCCCCEEEEECCCCCCCCC	
1u0i	EIAALEKEIAALEKEIAALEKGGGGGGGGG	CCHHHHHHHHHHHHHHHHHHCCCCCCCCCC	
6kra	RRTCRCRFGRCFRRESYSGSCNINGRIFSLCCR	CCCCEEECCCHHCCCCCCCEEEECCEEEEECCC	
2n1e	VKVKVKVKVPPTKVKVKVKVGGGGGGGGGG	CCEEEEEECCCCCEEEEEEECCCCCCCCCC	
1xv3	HSSGYTRPLRKPSRPIFIRPIGCDVCYGIPSSTARLCCFRYGDCCHL	CCCCCCCCCCCCCCCEEEEECCCCCCCCCCCCCCEEEEECCCCCCCC	
1mm0	ACNFQSCWATCQAQHSIYFRRAFCDRSQCKCVFVRG	CCCCHHHHHHHHHHCCHHHHHHCCCCCCEEEEEECC	
2nle	DHYNCVSSGGQCAYSACPIFTKIQGTCYRGKAKCCK	CCEEEECCCCEEEEECCCCCCEEEEEECCCCCCCCC	
2lb7	AQRCGDQARGAKCPNCLCCGKYGFCGSGDAYCGAGSCQSQCRGC	CCCCCCCCCCCCCCCCCCCCCCCCCCCCCCCCCCCCCCCCCCCC	
2mfs	CVLIGQRCDNDRGPRCCSGQGNCVPLPFLGGVCAV	CCEECCCCCCCCCCCCCCCCCCEECCCCCCCCCCC	
1fjn	GFGCPNNYQCHRHCKSIPGRCGGYCGGWHRLRCTCYRCG	CCCCCCCCHHHHHCCCCCCCCCCCCCCCEEECCEEECCC	
2fcg	IGKEFKRIVQRIKDFLRNLVPRTESGGGGG	CCCHHHHHHHHHHHHHHHHCCCCCCCCCCC	
2nls	DHYNCVSSGGQCLYSACPIFTKIQGTCYRGEAKCCK	CCEEEECCCCEEEEECCCCCCEEEEEECCCCCCCCC	
2jwm	CGETCTLGTCYTQGCTCSWPICKRNGLPVG	CCCCCECCCCCCCCCCCCCCEECCCCCCCC	
1jmn	KSCCPNTTGRNIYNTCRFGGGSRQVCASLSGCKIISASTCPSDYPK	CCCCCCCCCCCEEEEECCCCCCHHHHHHCCCCEEECCCCCCCCCCC	
7ns1	MITISTMLQFGLFLIALIGLVIKLIELSNKK	CHHHHHHHHHHHHHHHHHHHHHHHHHCCCCC	
2mmt	GGAGHVPEYFVRGDFPISFYGGGGGGGGGG	CCCCCCCCEEEECCCCEEEECCCCCCCCCC	
6wpo	GIGDILKNLAKAAGKAALHAVGESLGGGGG	CHHHHHHHHHHHHHHHHHHHHHCCCCCCCC	
2a2b	ARSYGNGVYCNNKKCWVNRGEATQSIIGGMISGWASGLAGM	CCCCCCCEEECCCCEEEEEHHHHHHHHHHEHHHHHCCCCCC	
5nce	RMCKTPSGKFKGYCVNNTNCKNVCRTEGFPTGSCDFHVAGRKCYCYKPCP	CCCCCCCCCEEEEEECCCCHHHHHHCCCCCCCEEEECCCCEEEEECCCCC	
3e4h	CGETCTLGTCYTAGCSCSWPVCTRNGVPIG	CCCCCECCCCCCCCCCCCCCCCCCCCCCCC	
1m4e	ICIFCCGCCHRSKCGMCCKTGGGGGGGGGG	CEEEECCCCCCCCCCEEECCCCCCCCCCCC	
1w9n	ASIVKTTIKAAKKLCRGFTLTCGCHFTGKK	CCHHHHHHHHHHHHHCCCEEECCCCCCCCC	
1jmp	KSCCPNTTGRNIYNTCRLGGGSRERCASLSGCKIISASTCPSDYPK	CCCCCCCCCCCEEEEECCCCCCHHHHHHCCCCEEECCCCCCCCCCC	
2nlq	DHYNCVSSGGQCLYSACPIFTKIQGTCYRGAAKCCK	CCEEEECCCCEEEEECCCCCCEEEEEECCCCCCCCC	
2fqa	SAISCGETCFKFKCYTPRCSCSYPVCKGGG	CCCCCCCCEEEEEECCCCCCCCCCCCCCCC	
2k1i	RRTCHCRSRCLRRESNSGSCNINGRIFSLCCR	CCCCCCCCCEEECCCCCCCCEECEEEEEECCC	
2nlf	DHYNCVSSGGQCEYSACPIFTKIQGTCYRGKAKCCK	CCEEEECCCCEEEEECCCCCCEEEEEECCCCCCCCC	
1bh4	CGESCVWIPCISAALGCSCKNKVCYRNGIP	CCCCEEEEHHHHHHHCCCCCCCCCCCCCCC	
3c8p	KSCCPSTTGRNIYNTCRLTGSSRETCAKLSGCKIISASTCPSNYPK	CCCCCCCCCHHEEEEECCCCCCHHHHHCCCCCEEECCCCCCCCCCC	
2lg4	AACSDRAHGHICESFKSFCKDSGRNGVKLRANCKKTCGLC	CCCCCCCCCHHHHHHHHHHCCCCCCCEEEEECCCCCCCCC	
2mmw	GGAGHVPEYFVRGDTPISFYGGGGGGGGGG	CCCCCCEEEEEECCCCEEEECCCCCCCCCC	
2kus	SGPNGQCGPGWGGCRGGLCCSQYGYCGSGPKYCAH	CCCCCCCCCCCCCCCCCCCCCCCCCCCCCCCCCCC	
2m6a	ADDRCERMCQRYHDRREKKQCMKGCRYGGG	CCCHHHHHHHHHHHHHHHHHHHCCCCCCCC	
2n4k	KYYGNGVSCNKKGCSVDWGKAIGIIGNNAAANLTTGGKAGWKG	CCCCCCEECCCCCEEEHHHHHHHHHHCHHHHHCCCCCCCCCCC	
2po8	CPKILKKCRRDSDCPGACICRGNGYCGSGSDGGV	CCHHHHHHCCCCCCCCEEEECCCCCCCCCCCCCC	
2igr	KWKVFKKIEKKWKVFKKIEKAGPKWKVFKKIEK	CCHHHHHHHHHHHHHHHHHCCCCCCHHHHCCCC	
2n1c	FEDLPNFGHIQVKVFNHGEHIHHGGGGGGG	CCCCCCCCEEEEEEECCCCEEECCCCCCCC	
1ut3	SFGLCRLRRGFCARGRCRFPSIPIGRCSRFVQCCRRVW	CCCCHHHHHHCCCCCCCCCCCCCCCCHHHHHHHHHHCC	
2n30	FEDLPNFGHIQVKVFNHGEHIHHGGGGGGG	CCCCCCCCEEEEEEECCCCEEECCCCCCCC	
2plz	DHYNCVSSGGQCLYSACPIFTRIQGTCYRGRARCCR	CCEEEECCCCEEEEECCCCCCEEEEEECCCCCCCCC	
2pv6	ELDKWASLWNWFNITNWLWYIKGGGGGGGG	CCCCHHHHHHHHHHHHHHHHHHHHHHECCC	
2eri	CGESCVFIPCISTLLGCSCKNKVCYRNGVIP	CCCCEEEEEEHHHHHCCCCCCCCECCCCCCC	
1pxq	NKGCATCSIGAACLVDGPIPDFEIAGATGLFGLWG	CCCCCEEEECCEEECCCCCCCCCEHHHHHHHHHCC	
5wow	GGVCPKILQRCRRDSDCPGACICRGNGYCGYPYDVPDYA	CCCHHHHHHHHCCCCCCCCEEEECCCCCCCCCCCCCCCC	
6r2x	FETLRGDERILSILRHQNLLKELQDGGGGG	CCCCCCCHHHHHHHHHHHHHHHHHHHHCCC	
4aaz_4ab0_4cqk_1mr4	RECKTESNTFPGICITKPPCRKACISEKFTDGHCSKILRRCLCTKPC	CCCCCCCCCCCEEEEECCCCCEEECCCCCCCCEEEEEECCEECCCCC	
6g4x_6g4v	FLPILASLAAKFGPKLFSLVTKKS	CHHHHHHHHHHCCCHHHHHHCCCC	
5xoa_5xo3_6afq	GSKKPVPIIYCNRRTGKCQRF	CCCCCEEEEEECCCCCCCCCC	
2jpl_2jpj	GTWDDIGQGIGRVAYWVGKALGNLSDVNQASRINRKKKH	CCCHHHHHHHHHHHHHHHHHCCCCCCCCCCCCCCCCCCC	
4gv5_1z99_1h5o	YKQCHKKGGHCFPKEKICLPPSSDFGKMDCRWRWKCCKKGSG	CCCCCCCCCCCCCCCEEECCCCCCCCCCCCCECHHCCCCCCC	
2leu_3leu_1cw6	KYYGNGVHCTKSGCSVNWGEAFSAGVHRLANGGNGFW	CCCCCCEEECCCCCEECCCCHHHHHHHHHHCCCCCCC	
5kk4_5vyp	AKDCKRESNTFPGICITKPPCRKACIREKFTDGHCSKILRRCLCTKPC	CCCCCCCCCCEEEEEECCCCCHHHHCCCCCCCCEEEEEECEEECCCCC	
2knm_2kcg_2knn	GIPCGESCVWIPCISSAIGCSCKSKVCYRN	CCCCCCCEEEEEEHHHHCCCCCCCCEECCC	
2k9b_2jx6	GLWSKIKAAGKEAAKAAAKAAGKAALNAVSEAVX	CCHHHHHHHHHHHHHHHHHHHCHHHHHHHHHHCC	
1znu_1nb1_2jue	CGETCVGGTCNTPGCTCSWPVCTRNGLPV	CCCCCCCCCCCCCCCCEECCEECCCCCCC	
2jni_2l8x	RWCVYAYVRIRGVLVRYRRCW	CCEEEEEEEEEEEEEEECCCC	
2khf_2khg	GAWKNFWSSLRKGFYDGEAGRAIRR	CCHHHHHHHHHHCCCCCCCCCCCCC	
1jau_1jav	KWASLWNWFNITNWLWYIKX	CCCCCCCHHHHHHHHHHHCC	
2dtb_1dtc_2kam	MAQDIISTIGDLVKWIIDTVNKFTKK	CHHHHHHHHHHHHHHHHHHHHHHHCC	
2mcv_2mcu_6pf0	FFHHIFRGIVHVGKTIHRLVTGX	CHHHHHHHHHHHHHHHHHEECCC	
1z6v_1z6w	GRRRRSVQWCAVSQPEATKCFQWQRNMRKVRGPPVSCIKRDSPIQCIQA	CCCCCEEEEEECCHHHHHHHHHHHHHHHHCCCCCEEEEECCCHHHHHCC	
5xo4_5xo9_6aab_8tfv	GSKKPVPIIYCNRRTGKCQRM	CCCCCEEEEEECCCCCCCCCC	
1zfu_3e7u_3e7r	GFGCNGPWDEDDMQCHNHCKSIKGYKGGYCAKGGFVCKCY	CCCCCCCCCCCCCHHHHHCCCCCCCCCCCCCCCCCEEEEC	
1f0d_1d9j	KWKLFKKIGIGKFLHSAKKFX	CCHHHHHCCCCCHHHCCCCCC	
2ojm_2jos	FFHHIFRGIVHVGKTIHRLVTG	CHHHHHHHHHHHHHHHHHHHCC	
1xc0_2kns	GFFALIPKIISSPLFKTLLSAVGSALSSSGGQE	CCHHHHHHHHCCCHHHHHHHHHHHHCCCCCCCC	
1ha9_1ib9	SGSDGGVCPKILKKCRRDSDCPGACICRGNGYCG	CCCCCCCCHHHHHHHCCCCCCCCEEEECCCCCCC	
6g4u_6g4i_6g4k	FLPILASLAAKFGPKLFCLVTKKC	CHHHHHHHHHHCCCCEEEEECCCC	
2n6m_5xdj	GIFSKLAGKKIKNLLISGLKG	CCCHHHHHHHHHHHHHCCCCC	
3go0_3gny_3hjd_2kht	ACYCRIPACIAGERRYGTCIYQGRLWAFCC	CCCCCCCCCCCCCCCCCEEEECCCHHECCC	
1okh_1ed0	KSCCPNTTGRNIYNACRLTGAPRPTCAKLSGCKIISGSTCPSDYPK	CCCCCCCCCHHEEEEECCCCCCHHHHHCCCCCEEECCCCCCCCCCC	
1ohn_1og7	KYYGNGVHCGKHSCTVDWGTAIGNIGNNAAANWATGGNAGWNK	CCCCCCEECCCCCEEEECHHHHHHHHHHHHHHHCCCCCCCCCC	
2m9r_2m9s_2lmp_2m4j_2lmo_	DAEFRHDSGYEVHHQKLVFFAEDVGSNKGAIIGLMVGGVV	CCCCCCCCCHHHHHCEEEEECCCCCCCCCEEEEEECCCCC	
5u9s_5u9y_5ua8	GVVDILKGAAKDIAGHLASKVMNKLX	CHHHHHHHHHHHHHHHHHHHHHHHCC	
6cs9_1fqq_1fd4_1fd3	GIGDPVTCLKSGAICHPVFCPRRYKQIGTCGLPGTKCCKKP	CCCCCEEEECCCCEEECCCCCCCCCCCCCCCCCCCCCCCCC	
5u9q_5ua6_5u9v	GVVDILKGAAKDIAGHLASKVMX	CHHHHHHHHHHHHHHHHHHHHCC	
5xo5_5xok	GSKKPVPIIACNRRTGKCQRA	CCCCCEEEEEECCCCCCCCCC	
1k48_1jjz	NGLPVCGETCVGGTCNTPGCTCSWPVCTR	CCCCCCCCCEECCCCCCCCCEECCCCCCC	
6r96_6r95	FLPILASLAAKFGPKLFALVTKKA	CHHHHHHHHHHCCCHHHHHHCCCC	
5lwc_7nyi	MAGLLRFLLSKGRALYNWAKSHVGKVWEWLKSGATYEQIKEWIENALGWR	HHHHHHHHHCCCCHHHHHCCCCHHHHHHHHHCCCCHHHHHHHHHHHCCCC	
1zrv_1zrw	HVDKKVADKVLLLKQLRIMRLLTRL	CCCHHHHHHHHHHHHHHHHHHHHCC	
1zmk_1zmh_1zmi	CYCRIPACIAGERRYATCIYQGRLWAFCC	CCCCCCCCCCCCCCCHEEEECCCEEECCC	
5nmn_5nnk_5nnm_5nnt_2k6o	LLGDFFRKSKEKIGKEFKRIVQRIKDFLRNLVPRTES	CCHHHHHHHHHHHHHHHHHHHHHHHHHHHHCCCCCCC	
3lo6_3lo9	ACYCRIPACIAGERRYGTCIYQGRLAAFCC	CCCCCCCCCCCCCCCCCEEEECCHHHHCCC	
2kch_1pt4	CGETCFGGTCNTPGCSCTWPICTRDGLPV	CCCCCCCCCCCCCCCEEECCEECCCCCCC	
1ot0_1p0j	AKKVFKRLEKLFSKIQNWKX	CHHHHHHHHHHHHHHHHCCC	
4ttm_2khb	GLPVCGETCVGGTCNTPGCTCSWPVCTRN	CCCCCCCCEECCCCCCCCCEEEEEEECCC	
4qae_6wbv_2kef_1m4f	DTHFPICIFCCGCCHRSKCGMCCKT	CCCCEEEEEECCCCCCCCCCEEECC	
1f0g_1d9p	KLKLFKKIGIGKFLHSAKKFX	CCHHHHHCCCCCHHHCCCCCC	
2mn9_2mn8	GLFGVLAKVAAHGVGAIAEHFX	CHHHHHHHHHCCCCHHHHCCCC	
5ua7_5u9x_5u9r	GVVDILKGAAKDIAGHLASKVMNX	CHHHHHHHHHHHHHHHHHHHHHCC	
6wux_7mn3	NLVSDIIGSKKHMEKLISIIKKCRX	CCHHHHHCCCHHHHHHHHHHHHCCC	
2rlk_1qbf_1ru5_1ruu	YPAKPEAPGEDASPEELSRYYASLRHYLNLVTRQRYX	CCCCCCCCCCCCCHHHHHHHHHHHHHHHHHHCCCCCC	
4mgp_5cgn	GIGKFLHAAKKFAKAFVAEIMNS	CCHHHHHHHHHHHHHHHHHHHCC	
1f0h_1d9o	KAKLFKKIGIGKFLHSAKKFX	CCHHHHHCCCCCHHHCCCCCC	
2rri_2rrh	HSDAVFTDNYTRLRKQMAVKKYLNSILNG	CCCCCCCCHHHHHHHHHHHHHHHHHHHCC	
2ap7_2ap8	IIGPVLGLVGSALGGLLKKI	CCCHHHHHHHHHHHHHHHCC	
5oqv_5kk3_2mxu_2nao_6rhy_	DAEFRHDSGYEVHHQKLVFFAEDVGSNKGAIIGLMVGGVVIA	CCCCCCCCCHHHHHCEEEEECCCCCCCCCEEEEHHHCCCECC	
1kj5_1ijv_1iju_1e4s	DHYNCVSSGGQCLYSACPIFTKIQGTCYRGKAKCCK	CCEEEECCCCEEEECCCCCCCCEEEEECCCCCCCCC	
2mw6_2mlt_6o4m_1bh1	GIGAVLKVLTTGLPALISWIKRKRQQX	CCHHHHHHHHCCCHHHHHHHHHHCCCC	
1pp5_1q71	GGAGHVPEYFVGIGTPISFYG	CCCCCCCCEEEECCCCCCCCC	
5id5_5i4g	SKCRQWQSKIRRTNPIFCIRRASPT	CCHHHHHHHCCCCCCCEEEECCCCC	
2jpk_2jpm	KKWGWLAWVDPAYEFIKGFGKGAIKEGNKDKWKNI	CCCCCCCCCCHHHHHHHHHHHHHHCCCCCCCCCCC	
2mcw_2mcx_6pez	FIHHIFRGIVHAGRSIGRFLTGX	CHHHHHHHHHHCCCCCCCEEECC	
