1f0d_1d9j	KWKLFKKIGIGKFLHSAKKF	CCHHHHHCCCCCHHHHCCCC	20
1f0g_1d9p	KLKLFKKIGIGKFLHSAKKF	CCHHHHHCCCCCHHHHCCCC	20
1f0h_1d9o	KAKLFKKIGIGKFLHSAKKF	CCHHHHHCCCCCHHHHCCCC	20
1ha9_1ib9	SGSDGGVCPKILKKCRRDSDCPGACICRGNGYCG	CCCCCCCCHHHHHHHCCCCCCCCEEEECCCCCCC	34
1jau_1jav	KWASLWNWFNITNWLWYIK	CCCHHHHHHHHHHHHHHHE	19
1k48_1jjz	NGLPVCGETCVGGTCNTPGCTCSWPVCTR	CCCCCCCCCEECCCCCCCCCEEEEEEECC	29
1kj5_1ijv_1iju_1e4s	DHYNCVSSGGQCLYSACPIFTKIQGTCYRGKAKCCK	CCEEEECCCCEEEECCCCCCCCEEEEECCCCCCCCC	36
1ohn_1og7	KYYGNGVHCGKHSCTVDWGTAIGNIGNNAAANWATGGNAGWNK	CCCCCCEECCCCCEEEECHHHHHHHHHHHHHHHCCCCCCCCCC	43
1okh_1ed0	KSCCPNTTGRNIYNACRLTGAPRPTCAKLSGCKIISGSTCPSDYPK	CCCCCCCCCHHEEEEECCCCCCHHHHHCCCCCEEECCCCCCCCCCC	46
1ot0_1p0j	AKKVFKRLEKLFSKIQNWK	CHHHHHHHHHHHHHHHCCC	19
1pp5_1q71	GGAGHVPEYFVGIGTPISFY	CCCCCCCCEEEECCCCEEEC	20
1xc0_2kns	GFFALIPKIISSPLFKTLLSAVGSALSSSGGQE	CCHHHHHHHHCCCHHHHHHHHHHHHCCCCCCCC	33
1z6v_1z6w	GRRRRSVQWCAVSQPEATKCFQWQRNMRKVRGPPVSCIKRDSPIQCIQA	CCCCCEEEEEECCHHHHHHHHHHHHHHHHCCCCCEEEEECCCHHHHHCC	49
1zfu_3e7u_3e7r	GFGCNGPWDEDDMQCHNHCKSIKGYKGGYCAKGGFVCKCY	CCCCCCCCCCCCCHHHHHCCCCCCCCCCCCCCCCCEEEEC	40
1zmk_1zmh_1zmi	CYCRIPACIAGERRYATCIYQGRLWAFCC	CCCCCCCCCCCCCCCHHEEECCHHEEECC	29
1znu_1nb1_2jue	CGETCVGGTCNTPGCTCSWPVCTRNGLPV	CCCCCECCCCCCCCCCECCCEECCCCCCC	29
1zrv_1zrw	HVDKKVADKVLLLKQLRIMRLLTRL	CCCHHHHHHHHHHHHHHHHHHHHHC	25
2ap7_2ap8	IIGPVLGLVGSALGGLLKKI	CCCHHHHHHHHHHHHHHHHC	20
2dtb_1dtc_2kam	MAQDIISTIGDLVKWIIDTVNKFTKK	CHHHHHHHHHHHHHHHHHHHHHHCCC	26
2jni_2l8x	RWCVYAYVRIRGVLVRYRRCW	CCEEEEEEEEEEEEEEEEECC	21
2jpk_2jpm	KKWGWLAWVDPAYEFIKGFGKGAIKEGNKDKWKNI	CCCCCCCCCCHHHHHHHHHHHHHHCCCCCCCCCCC	35
2jpl_2jpj	GTWDDIGQGIGRVAYWVGKALGNLSDVNQASRINRKKKH	CCCHHHHHHHHHHHHHHHHHCCCCCCCCCCCCCCCCCCC	39
2k9b_2jx6	GLWSKIKAAGKEAAKAAAKAAGKAALNAVSEAV	CCHHHHHHHHHHHHHHHHHHHCHHHHHHHHHCC	33
2kch_1pt4	CGETCFGGTCNTPGCSCTWPICTRDGLPV	CCCCCECCCCCCCCCCEECCEECCCCCCC	29
2khf_2khg	GAWKNFWSSLRKGFYDGEAGRAIRR	CCHHHHHHHHHHCCCCCCCCCEEEC	25
2knm_2kcg_2knn	GIPCGESCVWIPCISSAIGCSCKSKVCYRN	CCCCCCCEEEEEEHHHHCCCCCCCCEECCC	30
2leu_3leu_1cw6	KYYGNGVHCTKSGCSVNWGEAFSAGVHRLANGGNGFW	CCCCCCEEECCCCCEECCCCHHHHHHHHHHCCCCCCC	37
2m9r_2m9s_2lmp_2m4j_2lmo_	DAEFRHDSGYEVHHQKLVFFAEDVGSNKGAIIGLMVGGVV	CCCCCCCCCHHHHHCEEEEECCCCCCCCCEEEEEECCCCC	40
2mcv_2mcu_6pf0	FFHHIFRGIVHVGKTIHRLVTG	CHHHHHHHHHHHHHHHHHHHEC	22
2mcw_2mcx_6pez	FIHHIFRGIVHAGRSIGRFLTG	CHHHHHHHHHHCCCCCCEEECC	22
2mn9_2mn8	GLFGVLAKVAAHGVGAIAEHF	CHHHHHHHHHCCCHHHHHHHC	21
2mw6_2mlt_6o4m_1bh1	GIGAVLKVLTTGLPALISWIKRKRQQ	CCHHHHHHHHCCCHHHHHHHHHHHCC	26
2n6m_5xdj	GIFSKLAGKKIKNLLISGLKG	CCCHHHHHHHHHHHHHHHCCC	21
2ojm_2jos	FFHHIFRGIVHVGKTIHRLVTG	CHHHHHHHHHHHHHHHHHHHEC	22
2rlk_1qbf_1ru5_1ruu	YPAKPEAPGEDASPEELSRYYASLRHYLNLVTRQRY	CCCCCCCCCCCCCHHHHHHHHHHHHHHHHCCCCCCC	36
2rri_2rrh	HSDAVFTDNYTRLRKQMAVKKYLNSILNG	CCCCCCCCHHHHHHHHHHHHHHHHHHHCC	29
3go0_3gny_3hjd_2kht	ACYCRIPACIAGERRYGTCIYQGRLWAFCC	CCCCCCCCCCCCCCCCCEEEECCCHHECCC	30
3lo6_3lo9	ACYCRIPACIAGERRYGTCIYQGRLAAFCC	CCCCCCCCCCCCCCCCCEEEECCHHHHCCC	30
4aaz_4ab0_4cqk_1mr4	RECKTESNTFPGICITKPPCRKACISEKFTDGHCSKILRRCLCTKPC	CCCCCCCCCCCEEEEECCCCCEEECCCCCCCCEEEEEECCEECCCCC	47
4gv5_1z99_1h5o	YKQCHKKGGHCFPKEKICLPPSSDFGKMDCRWRWKCCKKGSG	CCCCCCCCCCCCCCCEEECCCCCCCCCCCCCECHHCCCCCCC	42
4mgp_5cgn	GIGKFLHAAKKFAKAFVAEIMNS	CCHHHHHHHHHHHHHHHHHHHHC	23
4qae_6wbv_2kef_1m4f	DTHFPICIFCCGCCHRSKCGMCCKT	CCCCEEEEEECCCCCCCCCCEEEEC	25
4ttm_2khb	GLPVCGETCVGGTCNTPGCTCSWPVCTRN	CCCCCCCCEECCCCCCCCCEEEEEEECCC	29
5id5_5i4g	SKCRQWQSKIRRTNPIFCIRRASPT	CCHHHHHHHHCCCCCCEEEECCCCC	25
5kk4_5vyp	AKDCKRESNTFPGICITKPPCRKACIREKFTDGHCSKILRRCLCTKPC	CCCCCCCCCCEEEEEECCCCCHHHHCCCCCCCCEEEEEECEEECCCCC	48
5lwc_7nyi	MAGLLRFLLSKGRALYNWAKSHVGKVWEWLKSGATYEQIKEWIENALGWR	HHHHHHHHHCCCCHHHHHCCCCHHHHHHHHHCCCCHHHHHHHHHHHCCCC	50
5nmn_5nnk_5nnm_5nnt_2k6o	LLGDFFRKSKEKIGKEFKRIVQRIKDFLRNLVPRTES	CCHHHHHHHHHHHHHHHHHHHHHHHHHHHHCCCCCCC	37
5oqv_5kk3_2mxu_2nao_6rhy_	DAEFRHDSGYEVHHQKLVFFAEDVGSNKGAIIGLMVGGVVIA	CCCCCCCCCHHHHHCEEEEECCCCCCCCCEEEEHHHCCCECC	42
5u9q_5ua6_5u9v	GVVDILKGAAKDIAGHLASKVM}	CHHHHHHHHHHHHHHHHHHHHCC	23
5u9s_5u9y_5ua8	GVVDILKGAAKDIAGHLASKVMNKL	CHHHHHHHHHHHHHHHHHHHHHHHC	25
5ua7_5u9x_5u9r	GVVDILKGAAKDIAGHLASKVMN	CHHHHHHHHHHHHHHHHHHHHHC	23
5xo4_5xo9_6aab_8tfv	GSKKPVPIIYCNRRTGKCQRM	CCCCCEEEEEECCCCCCEEEC	21
5xo5_5xok	GSKKPVPIIACNRRTGKCQRA	CCCCCEEEEEECCCCCCEEEC	21
5xoa_5xo3_6afq	GSKKPVPIIYCNRRTGKCQRF	CCCCCEEEEEECCCCCCEEEC	21
6cs9_1fqq_1fd4_1fd3	GIGDPVTCLKSGAICHPVFCPRRYKQIGTCGLPGTKCCKKP	CCCCCEEEECCCCEEECCCCCCCCCCCCCCCCCCCCCCCCC	41
6g4u_6g4i_6g4k	FLPILASLAAKFGPKLFCLVTKKC	CHHHHHHHHCCCCCCEEEEEEECC	24
6g4x_6g4v	FLPILASLAAKFGPKLFSLVTKKS	CHHHHHHHHHHCCCCCHEEEECCC	24
6r96_6r95	FLPILASLAAKFGPKLFALVTKKA	CHHHHHHHHHHCCCHHHHHHHCCC	24
6wux_7mn3	NLVSDIIGSKKHMEKLISIIKKCR	CCHHHHHCCCHHHHHHHHHHHHCC	24
